 
========================================== 
ORAN GUNCELLEME BASLADI 
Tarih Saat: Paz 03.05.2026 20:00:00,63 
========================================== 
⚽ İddaa Oran Çekici - BUGÜNÜN TÜM MAÇLARI
📅 03/05/2026 20:00
============================================================
🌐 Chrome başlatılıyor...
✅ Chrome başlatıldı!
📡 https://www.iddaa.com/program/futbol?date=03.05.2026
   ⏳ Maçlar yükleniyor (max 30sn)...
   ✅ 8 maç bulundu

🔍 Maç isimleri toplanıyor...
   📋 8 maç bulundu:
      1. Soroksar SC vs FC Ajka
      2. Valerenga vs Kfum Oslo
      3. FCV Dender EH vs RAAL La Louviere
      4. Sarajevo vs Banja Luka
      5. Chojniczanka vs Olimpia
      6. Jav Ivanjica vs FK IMT Novi Beograd
      7. Radnicki vs Tsc Backa To
      8. Freiburg vs Wolfsburg

🔽 Maçlar tek tek açılıyor...

   [1/8] Soroksar SC vs FC Ajka
      ⏳ Deneme 1 başarısız, 30sn sonra tekrar...
      ⏳ Deneme 2 başarısız, 30sn sonra tekrar...
      ❌ 3 deneme de başarısız oldu
      📊 Toplam 14 oran
   [2/8] Valerenga vs Kfum Oslo
      ✅ 269 detay oran çekildi
      📊 Toplam 276 oran
   [3/8] FCV Dender EH vs RAAL La Louviere
      ✅ 151 detay oran çekildi
      📊 Toplam 158 oran
   [4/8] Sarajevo vs Banja Luka
      ✅ 39 detay oran çekildi
      📊 Toplam 39 oran
   [5/8] Chojniczanka vs Olimpia
      ✅ 95 detay oran çekildi
      📊 Toplam 102 oran
   [6/8] Jav Ivanjica vs FK IMT Novi Beograd
      ✅ 39 detay oran çekildi
      📊 Toplam 46 oran
   [7/8] Radnicki vs Tsc Backa To
      ✅ 40 detay oran çekildi
      📊 Toplam 47 oran
   [8/8] Freiburg vs Wolfsburg
      ✅ 775 detay oran çekildi
      📊 Toplam 782 oran

============================================================
📊 FİNAL SONUÇ
   ⚽ Toplam maç: 8
   📊 Toplam oran: 1464
   📊 Ortalama: 183 oran/maç
   ✅ Detaylı: 7
   ⏱️ Süre: 0:04:48.485723
============================================================
   💾 Toplam 308 maç kaydedildi

🎉 İşlem tamamlandı!

📌 GitHub'a yükleyin:
   git add -A
   git commit -m "Oranlar guncellendi"
   git push
[main 7a59c40] Otomatik oran guncelleme Paz 03.05.2026 20:04:51,47
 1 file changed, 1758 insertions(+), 167 deletions(-)
To https://github.com/yusufkocbiotek-sketch/iddiayusuf.git
   af7cd1a..7a59c40  main -> main
TAMAMLANDI 
 
========================================== 
ORAN GUNCELLEME BASLADI 
Tarih Saat: Paz 03.05.2026 20:10:01,14 
========================================== 
⚽ İddaa Oran Çekici - BUGÜNÜN TÜM MAÇLARI
📅 03/05/2026 20:10
============================================================
🌐 Chrome başlatılıyor...
✅ Chrome başlatıldı!
📡 https://www.iddaa.com/program/futbol?date=03.05.2026
   ⏳ Maçlar yükleniyor (max 30sn)...
   ✅ 8 maç bulundu

🔍 Maç isimleri toplanıyor...
   📋 8 maç bulundu:
      1. Valerenga vs Kfum Oslo
      2. FCV Dender EH vs RAAL La Louviere
      3. Sarajevo vs Banja Luka
      4. Chojniczanka vs Olimpia
      5. Jav Ivanjica vs FK IMT Novi Beograd
      6. Radnicki vs Tsc Backa To
      7. Freiburg vs Wolfsburg
      8. Jeddah Club vs Al-Zlfe

🔽 Maçlar tek tek açılıyor...

   [1/8] Valerenga vs Kfum Oslo
      ✅ 269 detay oran çekildi
      📊 Toplam 276 oran
   [2/8] FCV Dender EH vs RAAL La Louviere
      ✅ 151 detay oran çekildi
      📊 Toplam 158 oran
   [3/8] Sarajevo vs Banja Luka
      ✅ 39 detay oran çekildi
      📊 Toplam 39 oran
   [4/8] Chojniczanka vs Olimpia
      ✅ 95 detay oran çekildi
      📊 Toplam 102 oran
   [5/8] Jav Ivanjica vs FK IMT Novi Beograd
      ✅ 39 detay oran çekildi
      📊 Toplam 46 oran
   [6/8] Radnicki vs Tsc Backa To
      ✅ 40 detay oran çekildi
      📊 Toplam 47 oran
   [7/8] Freiburg vs Wolfsburg
      ⏳ Deneme 1 başarısız, 30sn sonra tekrar...
      ⏳ Deneme 2 başarısız, 30sn sonra tekrar...
      ❌ 3 deneme de başarısız oldu
      📊 Toplam 0 oran
   [8/8] Jeddah Club vs Al-Zlfe
      ⏳ Deneme 1 başarısız, 30sn sonra tekrar...
      ⏳ Deneme 2 başarısız, 30sn sonra tekrar...
      ❌ 3 deneme de başarısız oldu
      📊 Toplam 0 oran

============================================================
📊 FİNAL SONUÇ
   ⚽ Toplam maç: 8
   📊 Toplam oran: 668
   📊 Ortalama: 83 oran/maç
   ✅ Detaylı: 6
   ⏱️ Süre: 0:05:45.310284
============================================================
   💾 Toplam 309 maç kaydedildi

🎉 İşlem tamamlandı!

📌 GitHub'a yükleyin:
   git add -A
   git commit -m "Oranlar guncellendi"
   git push
[main a406910] Otomatik oran guncelleme Paz 03.05.2026 20:15:48,86
 1 file changed, 249 insertions(+), 1015 deletions(-)
To https://github.com/yusufkocbiotek-sketch/iddiayusuf.git
   7a59c40..a406910  main -> main
TAMAMLANDI 
 
========================================== 
ORAN GUNCELLEME BASLADI 
Tarih Saat: Paz 03.05.2026 20:20:01,14 
========================================== 
⚽ İddaa Oran Çekici - BUGÜNÜN TÜM MAÇLARI
📅 03/05/2026 20:20
============================================================
🌐 Chrome başlatılıyor...
✅ Chrome başlatıldı!
📡 https://www.iddaa.com/program/futbol?date=03.05.2026
   ⏳ Maçlar yükleniyor (max 30sn)...
   ✅ 13 maç bulundu

🔍 Maç isimleri toplanıyor...
   📋 13 maç bulundu:
      1. Sarajevo vs Banja Luka
      2. Chojniczanka vs Olimpia
      3. Jav Ivanjica vs FK IMT Novi Beograd
      4. Radnicki vs Tsc Backa To
      5. Freiburg vs Wolfsburg
      6. Jeddah Club vs Al-Zlfe
      7. ASD Pineto Calcio vs AS Gubbio 1910
      8. Casertana FC vs Atalanta BC U23
      9. US Pianese vs Ternana Calcio
      10. AC Lumezzane vs Asd Alcione Milano
      11. AC Trento vs AS Giana Erminio
      12. Crotone vs Audace Cerignola
      13. SS Monopoli 1966 vs SSD Casarano Calcio

🔽 Maçlar tek tek açılıyor...

   [1/13] Sarajevo vs Banja Luka
      ✅ 39 detay oran çekildi
      📊 Toplam 39 oran
   [2/13] Chojniczanka vs Olimpia
      ✅ 95 detay oran çekildi
      📊 Toplam 102 oran
   [3/13] Jav Ivanjica vs FK IMT Novi Beograd
      ✅ 37 detay oran çekildi
      📊 Toplam 44 oran
   [4/13] Radnicki vs Tsc Backa To
      ✅ 40 detay oran çekildi
      📊 Toplam 47 oran
   [5/13] Freiburg vs Wolfsburg
      ✅ 774 detay oran çekildi
      📊 Toplam 781 oran
   [6/13] Jeddah Club vs Al-Zlfe
      ✅ 38 detay oran çekildi
      📊 Toplam 45 oran
   [7/13] ASD Pineto Calcio vs AS Gubbio 1910
      ✅ 94 detay oran çekildi
      📊 Toplam 101 oran
   [8/13] Casertana FC vs Atalanta BC U23
      ✅ 95 detay oran çekildi
      📊 Toplam 102 oran
   [9/13] US Pianese vs Ternana Calcio
      ✅ 94 detay oran çekildi
      📊 Toplam 101 oran
   [10/13] AC Lumezzane vs Asd Alcione Milano
      ✅ 96 detay oran çekildi
      📊 Toplam 103 oran
   💾 Toplam 313 maç kaydedildi
   💾 10 maç kaydedildi (✅10 ❌0)
   [11/13] AC Trento vs AS Giana Erminio
      ✅ 94 detay oran çekildi
      📊 Toplam 101 oran
   [12/13] Crotone vs Audace Cerignola
      ✅ 95 detay oran çekildi
      📊 Toplam 102 oran
   [13/13] SS Monopoli 1966 vs SSD Casarano Calcio
      ✅ 94 detay oran çekildi
      📊 Toplam 101 oran

============================================================
📊 FİNAL SONUÇ
   ⚽ Toplam maç: 13
   📊 Toplam oran: 1769
   📊 Ortalama: 136 oran/maç
   ✅ Detaylı: 13
   ⏱️ Süre: 0:05:28.780396
============================================================
   💾 Toplam 316 maç kaydedildi

🎉 İşlem tamamlandı!

📌 GitHub'a yükleyin:
   git add -A
   git commit -m "Oranlar guncellendi"
   git push
[main 3ef1a05] Otomatik oran guncelleme Paz 03.05.2026 20:25:32,28
 1 file changed, 2046 insertions(+), 383 deletions(-)
To https://github.com/yusufkocbiotek-sketch/iddiayusuf.git
   a406910..3ef1a05  main -> main
TAMAMLANDI 
 
========================================== 
ORAN GUNCELLEME BASLADI 
Tarih Saat: Paz 03.05.2026 20:30:01,14 
========================================== 
⚽ İddaa Oran Çekici - BUGÜNÜN TÜM MAÇLARI
📅 03/05/2026 20:30
============================================================
🌐 Chrome başlatılıyor...
✅ Chrome başlatıldı!
📡 https://www.iddaa.com/program/futbol?date=03.05.2026
   ⏳ Maçlar yükleniyor (max 30sn)...
   ✅ 11 maç bulundu

🔍 Maç isimleri toplanıyor...
   📋 11 maç bulundu:
      1. Jeddah Club vs Al-Zlfe
      2. ASD Pineto Calcio vs AS Gubbio 1910
      3. Casertana FC vs Atalanta BC U23
      4. US Pianese vs Ternana Calcio
      5. AC Lumezzane vs Asd Alcione Milano
      6. AC Trento vs AS Giana Erminio
      7. Crotone vs Audace Cerignola
      8. SS Monopoli 1966 vs SSD Casarano Calcio
      9. Un. Craiova vs D. Bükreş
      10. UTS Union Touarga vs Fus Rabat
      11. R Casablanca vs Hassan Jdidi

🔽 Maçlar tek tek açılıyor...

   [1/11] Jeddah Club vs Al-Zlfe
      ✅ 38 detay oran çekildi
      📊 Toplam 45 oran
   [2/11] ASD Pineto Calcio vs AS Gubbio 1910
      ✅ 94 detay oran çekildi
      📊 Toplam 101 oran
   [3/11] Casertana FC vs Atalanta BC U23
      ✅ 95 detay oran çekildi
      📊 Toplam 102 oran
   [4/11] US Pianese vs Ternana Calcio
      ✅ 94 detay oran çekildi
      📊 Toplam 101 oran
   [5/11] AC Lumezzane vs Asd Alcione Milano
      ✅ 96 detay oran çekildi
      📊 Toplam 103 oran
   [6/11] AC Trento vs AS Giana Erminio
      ✅ 94 detay oran çekildi
      📊 Toplam 101 oran
   [7/11] Crotone vs Audace Cerignola
      ✅ 95 detay oran çekildi
      📊 Toplam 102 oran
   [8/11] SS Monopoli 1966 vs SSD Casarano Calcio
      ✅ 94 detay oran çekildi
      📊 Toplam 101 oran
   [9/11] Un. Craiova vs D. Bükreş
      ✅ 93 detay oran çekildi
      📊 Toplam 100 oran
   [10/11] UTS Union Touarga vs Fus Rabat
      ⏳ Deneme 1 başarısız, 30sn sonra tekrar...
      ⏳ Deneme 2 başarısız, 30sn sonra tekrar...
      ❌ 3 deneme de başarısız oldu
      📊 Toplam 0 oran
   💾 Toplam 318 maç kaydedildi
   💾 10 maç kaydedildi (✅9 ❌1)
   [11/11] R Casablanca vs Hassan Jdidi
      ⏳ Deneme 1 başarısız, 30sn sonra tekrar...
      ⏳ Deneme 2 başarısız, 30sn sonra tekrar...
      ❌ 3 deneme de başarısız oldu
      📊 Toplam 0 oran

============================================================
📊 FİNAL SONUÇ
   ⚽ Toplam maç: 11
   📊 Toplam oran: 856
   📊 Ortalama: 77 oran/maç
   ✅ Detaylı: 9
   ⏱️ Süre: 0:07:03.327662
============================================================
   💾 Toplam 319 maç kaydedildi

🎉 İşlem tamamlandı!

📌 GitHub'a yükleyin:
   git add -A
   git commit -m "Oranlar guncellendi"
   git push
[main a968951] Otomatik oran guncelleme Paz 03.05.2026 20:37:06,86
 1 file changed, 300 insertions(+), 148 deletions(-)
To https://github.com/yusufkocbiotek-sketch/iddiayusuf.git
   3ef1a05..a968951  main -> main
TAMAMLANDI 
 
========================================== 
ORAN GUNCELLEME BASLADI 
Tarih Saat: Paz 03.05.2026 20:40:01,88 
========================================== 
⚽ İddaa Oran Çekici - BUGÜNÜN TÜM MAÇLARI
📅 03/05/2026 20:40
============================================================
🌐 Chrome başlatılıyor...
✅ Chrome başlatıldı!
📡 https://www.iddaa.com/program/futbol?date=03.05.2026
   ⏳ Maçlar yükleniyor (max 30sn)...
   ✅ 11 maç bulundu

🔍 Maç isimleri toplanıyor...
   📋 11 maç bulundu:
      1. Jeddah Club vs Al-Zlfe
      2. ASD Pineto Calcio vs AS Gubbio 1910
      3. Casertana FC vs Atalanta BC U23
      4. US Pianese vs Ternana Calcio
      5. AC Lumezzane vs Asd Alcione Milano
      6. AC Trento vs AS Giana Erminio
      7. Crotone vs Audace Cerignola
      8. SS Monopoli 1966 vs SSD Casarano Calcio
      9. Un. Craiova vs D. Bükreş
      10. UTS Union Touarga vs Fus Rabat
      11. R Casablanca vs Hassan Jdidi

🔽 Maçlar tek tek açılıyor...

   [1/11] Jeddah Club vs Al-Zlfe
      ⏳ Deneme 1 başarısız, 30sn sonra tekrar...
      ⏳ Deneme 2 başarısız, 30sn sonra tekrar...
      ❌ 3 deneme de başarısız oldu
      📊 Toplam 0 oran
   [2/11] ASD Pineto Calcio vs AS Gubbio 1910
      ⏳ Deneme 1 başarısız, 30sn sonra tekrar...
      ⏳ Deneme 2 başarısız, 30sn sonra tekrar...
      ❌ 3 deneme de başarısız oldu
      📊 Toplam 0 oran
   [3/11] Casertana FC vs Atalanta BC U23
      ⏳ Deneme 1 başarısız, 30sn sonra tekrar...
      ⏳ Deneme 2 başarısız, 30sn sonra tekrar...
      ❌ 3 deneme de başarısız oldu
      📊 Toplam 0 oran
   [4/11] US Pianese vs Ternana Calcio
      ⏳ Deneme 1 başarısız, 30sn sonra tekrar...
      ⏳ Deneme 2 başarısız, 30sn sonra tekrar...
      ❌ 3 deneme de başarısız oldu
      📊 Toplam 0 oran
   [5/11] AC Lumezzane vs Asd Alcione Milano
      ⏳ Deneme 1 başarısız, 30sn sonra tekrar...
      ⏳ Deneme 2 başarısız, 30sn sonra tekrar...
      ❌ 3 deneme de başarısız oldu
      📊 Toplam 0 oran
   [6/11] AC Trento vs AS Giana Erminio
      ⏳ Deneme 1 başarısız, 30sn sonra tekrar...
      ⏳ Deneme 2 başarısız, 30sn sonra tekrar...
      ❌ 3 deneme de başarısız oldu
      📊 Toplam 0 oran
   [7/11] Crotone vs Audace Cerignola
      ⏳ Deneme 1 başarısız, 30sn sonra tekrar...
      ⏳ Deneme 2 başarısız, 30sn sonra tekrar...
      ❌ 3 deneme de başarısız oldu
      📊 Toplam 0 oran
   [8/11] SS Monopoli 1966 vs SSD Casarano Calcio
      ⏳ Deneme 1 başarısız, 30sn sonra tekrar...
      ⏳ Deneme 2 başarısız, 30sn sonra tekrar...
      ❌ 3 deneme de başarısız oldu
      📊 Toplam 0 oran
   [9/11] Un. Craiova vs D. Bükreş
      ⏳ Deneme 1 başarısız, 30sn sonra tekrar...
      ⏳ Deneme 2 başarısız, 30sn sonra tekrar...
      ❌ 3 deneme de başarısız oldu
      📊 Toplam 0 oran
   [10/11] UTS Union Touarga vs Fus Rabat
      ⏳ Deneme 1 başarısız, 30sn sonra tekrar...
      ⏳ Deneme 2 başarısız, 30sn sonra tekrar...
      ❌ 3 deneme de başarısız oldu
      📊 Toplam 0 oran
   💾 Toplam 319 maç kaydedildi
   💾 10 maç kaydedildi (✅0 ❌10)
   [11/11] R Casablanca vs Hassan Jdidi
      ⏳ Deneme 1 başarısız, 30sn sonra tekrar...
      ⏳ Deneme 2 başarısız, 30sn sonra tekrar...
      ❌ 3 deneme de başarısız oldu
      📊 Toplam 0 oran

============================================================
📊 FİNAL SONUÇ
   ⚽ Toplam maç: 11
   📊 Toplam oran: 0
   📊 Ortalama: 0 oran/maç
   ✅ Detaylı: 0
   ⏱️ Süre: 0:17:25.462933
============================================================
   💾 Toplam 319 maç kaydedildi

🎉 İşlem tamamlandı!

📌 GitHub'a yükleyin:
   git add -A
   git commit -m "Oranlar guncellendi"
   git push
[main 3587271] Otomatik oran guncelleme Paz 03.05.2026 20:57:29,80
 1 file changed, 236 insertions(+), 1101 deletions(-)
To https://github.com/yusufkocbiotek-sketch/iddiayusuf.git
   a968951..3587271  main -> main
TAMAMLANDI 
 
========================================== 
ORAN GUNCELLEME BASLADI 
Tarih Saat: Paz 03.05.2026 21:00:01,91 
========================================== 
⚽ İddaa Oran Çekici - BUGÜNÜN TÜM MAÇLARI
📅 03/05/2026 21:00
============================================================
🌐 Chrome başlatılıyor...
✅ Chrome başlatıldı!
📡 https://www.iddaa.com/program/futbol?date=03.05.2026
   ⏳ Maçlar yükleniyor (max 30sn)...
   ✅ 8 maç bulundu

🔍 Maç isimleri toplanıyor...
   📋 8 maç bulundu:
      1. Stal Rzeszow vs Wisla Krakow
      2. Juan Pablo II vs U. Deportes
      3. R Montevideo vs Torque
      4. Club Deportivo Eldense vs Marbella
      5. Gimnasia Y Esgrima Jujuy vs CD Maipu
      6. Club Almirante Brown vs Chaco For Ever
      7. Juventus U23 vs SSD Vis Pesaro 1898
      8. Inter vs Parma

🔽 Maçlar tek tek açılıyor...

   [1/8] Stal Rzeszow vs Wisla Krakow
      ✅ 93 detay oran çekildi
      📊 Toplam 100 oran
   [2/8] Juan Pablo II vs U. Deportes
      ✅ 37 detay oran çekildi
      📊 Toplam 44 oran
   [3/8] R Montevideo vs Torque
      ✅ 12 detay oran çekildi
      📊 Toplam 12 oran
   [4/8] Club Deportivo Eldense vs Marbella
      ✅ 90 detay oran çekildi
      📊 Toplam 97 oran
   [5/8] Gimnasia Y Esgrima Jujuy vs CD Maipu
      ✅ 35 detay oran çekildi
      📊 Toplam 42 oran
   [6/8] Club Almirante Brown vs Chaco For Ever
      ✅ 37 detay oran çekildi
      📊 Toplam 37 oran
   [7/8] Juventus U23 vs SSD Vis Pesaro 1898
      ✅ 94 detay oran çekildi
      📊 Toplam 101 oran
   [8/8] Inter vs Parma
      ✅ 531 detay oran çekildi
      📊 Toplam 538 oran

============================================================
📊 FİNAL SONUÇ
   ⚽ Toplam maç: 8
   📊 Toplam oran: 971
   📊 Ortalama: 121 oran/maç
   ✅ Detaylı: 7
   ⏱️ Süre: 0:03:26.833558
============================================================
   💾 Toplam 327 maç kaydedildi

🎉 İşlem tamamlandı!

📌 GitHub'a yükleyin:
   git add -A
   git commit -m "Oranlar guncellendi"
   git push
[main 5db61f4] Otomatik oran guncelleme Paz 03.05.2026 21:03:31,20
 1 file changed, 1128 insertions(+), 13 deletions(-)
To https://github.com/yusufkocbiotek-sketch/iddiayusuf.git
   3587271..5db61f4  main -> main
TAMAMLANDI 
 
========================================== 
ORAN GUNCELLEME BASLADI 
Tarih Saat: Paz 03.05.2026 21:10:01,90 
========================================== 
⚽ İddaa Oran Çekici - BUGÜNÜN TÜM MAÇLARI
📅 03/05/2026 21:10
============================================================
🌐 Chrome başlatılıyor...
✅ Chrome başlatıldı!
📡 https://www.iddaa.com/program/futbol?date=03.05.2026
   ⏳ Maçlar yükleniyor (max 30sn)...
   ✅ 15 maç bulundu

🔍 Maç isimleri toplanıyor...
   📋 0 maç bulundu:

🔽 Maçlar tek tek açılıyor...


============================================================
📊 FİNAL SONUÇ
   ⚽ Toplam maç: 0
   ⏱️ Süre: 0:00:06.422260
============================================================
On branch main
Your branch is up to date with 'origin/main'.

nothing to commit, working tree clean
Everything up-to-date
TAMAMLANDI 
 
========================================== 
ORAN GUNCELLEME BASLADI 
Tarih Saat: Paz 03.05.2026 21:20:01,92 
========================================== 
⚽ İddaa Oran Çekici - BUGÜNÜN TÜM MAÇLARI
📅 03/05/2026 21:20
============================================================
🌐 Chrome başlatılıyor...
✅ Chrome başlatıldı!
📡 https://www.iddaa.com/program/futbol?date=03.05.2026
   ⏳ Maçlar yükleniyor (max 30sn)...
   ✅ 8 maç bulundu

🔍 Maç isimleri toplanıyor...
   📋 8 maç bulundu:
      1. R Montevideo vs Torque
      2. Club Deportivo Eldense vs Marbella
      3. Gimnasia Y Esgrima Jujuy vs CD Maipu
      4. Club Almirante Brown vs Chaco For Ever
      5. Juventus U23 vs SSD Vis Pesaro 1898
      6. Inter vs Parma
      7. Lyon vs Rennes
      8. New York City vs DC United

🔽 Maçlar tek tek açılıyor...

   [1/8] R Montevideo vs Torque
      ⏳ Deneme 1 başarısız, 30sn sonra tekrar...
      ⏳ Deneme 2 başarısız, 30sn sonra tekrar...
      ❌ 3 deneme de başarısız oldu
      📊 Toplam 0 oran
   [2/8] Club Deportivo Eldense vs Marbella
      ⏳ Deneme 1 başarısız, 30sn sonra tekrar...
      ⏳ Deneme 2 başarısız, 30sn sonra tekrar...
      ❌ 3 deneme de başarısız oldu
      📊 Toplam 0 oran
   [3/8] Gimnasia Y Esgrima Jujuy vs CD Maipu
      ⏳ Deneme 1 başarısız, 30sn sonra tekrar...
      ⏳ Deneme 2 başarısız, 30sn sonra tekrar...
      ❌ 3 deneme de başarısız oldu
      📊 Toplam 0 oran
   [4/8] Club Almirante Brown vs Chaco For Ever
      ⏳ Deneme 1 başarısız, 30sn sonra tekrar...
      ⏳ Deneme 2 başarısız, 30sn sonra tekrar...
      ✅ 37 detay oran çekildi
      📊 Toplam 37 oran
   [5/8] Juventus U23 vs SSD Vis Pesaro 1898
      ⏳ Deneme 1 başarısız, 30sn sonra tekrar...
      ⏳ Deneme 2 başarısız, 30sn sonra tekrar...
      ❌ 3 deneme de başarısız oldu
      📊 Toplam 0 oran
   [6/8] Inter vs Parma
      ⏳ Deneme 1 başarısız, 30sn sonra tekrar...
      ⏳ Deneme 2 başarısız, 30sn sonra tekrar...
      ❌ 3 deneme de başarısız oldu
      📊 Toplam 0 oran
   [7/8] Lyon vs Rennes
      ⏳ Deneme 1 başarısız, 30sn sonra tekrar...
      ⏳ Deneme 2 başarısız, 30sn sonra tekrar...
      ❌ 3 deneme de başarısız oldu
      📊 Toplam 0 oran
   [8/8] New York City vs DC United
      ⏳ Deneme 1 başarısız, 30sn sonra tekrar...
      ⏳ Deneme 2 başarısız, 30sn sonra tekrar...
      ❌ 3 deneme de başarısız oldu
      📊 Toplam 0 oran

============================================================
📊 FİNAL SONUÇ
   ⚽ Toplam maç: 8
   📊 Toplam oran: 37
   📊 Ortalama: 4 oran/maç
   ✅ Detaylı: 1
   ⏱️ Süre: 0:13:04.357956
============================================================
   💾 Toplam 329 maç kaydedildi

🎉 İşlem tamamlandı!

📌 GitHub'a yükleyin:
   git add -A
   git commit -m "Oranlar guncellendi"
   git push
[main 63e2557] Otomatik oran guncelleme Paz 03.05.2026 21:33:08,74
 1 file changed, 245 insertions(+), 1006 deletions(-)
To https://github.com/yusufkocbiotek-sketch/iddiayusuf.git
   5db61f4..63e2557  main -> main
TAMAMLANDI 
 
========================================== 
ORAN GUNCELLEME BASLADI 
Tarih Saat: Paz 03.05.2026 21:40:01,90 
========================================== 
⚽ İddaa Oran Çekici - BUGÜNÜN TÜM MAÇLARI
📅 03/05/2026 21:40
============================================================
🌐 Chrome başlatılıyor...
✅ Chrome başlatıldı!
📡 https://www.iddaa.com/program/futbol?date=03.05.2026
   ⏳ Maçlar yükleniyor (max 30sn)...
   ✅ 8 maç bulundu

🔍 Maç isimleri toplanıyor...
   📋 8 maç bulundu:
      1. Juventus U23 vs SSD Vis Pesaro 1898
      2. Inter vs Parma
      3. Lyon vs Rennes
      4. New York City vs DC United
      5. Operario vs Londrina PR
      6. Sao Bernardo FC vs Ponte Preta
      7. Las Palmas vs Real Valladolid
      8. GV Club Deportivo San Jose de Oruro vs Club Bolivar

🔽 Maçlar tek tek açılıyor...

   [1/8] Juventus U23 vs SSD Vis Pesaro 1898
      ✅ 94 detay oran çekildi
      📊 Toplam 101 oran
   [2/8] Inter vs Parma
      ✅ 531 detay oran çekildi
      📊 Toplam 538 oran
   [3/8] Lyon vs Rennes
      ⏳ Deneme 1 başarısız, 30sn sonra tekrar...
      ⏳ Deneme 2 başarısız, 30sn sonra tekrar...
      ❌ 3 deneme de başarısız oldu
      📊 Toplam 0 oran
   [4/8] New York City vs DC United
      ⏳ Deneme 1 başarısız, 30sn sonra tekrar...
      ⏳ Deneme 2 başarısız, 30sn sonra tekrar...
      ❌ 3 deneme de başarısız oldu
      📊 Toplam 0 oran
   [5/8] Operario vs Londrina PR
      ⏳ Deneme 1 başarısız, 30sn sonra tekrar...
      ⏳ Deneme 2 başarısız, 30sn sonra tekrar...
      ❌ 3 deneme de başarısız oldu
      📊 Toplam 0 oran
   [6/8] Sao Bernardo FC vs Ponte Preta
      ⏳ Deneme 1 başarısız, 30sn sonra tekrar...
      ⏳ Deneme 2 başarısız, 30sn sonra tekrar...
      ❌ 3 deneme de başarısız oldu
      📊 Toplam 0 oran
   [7/8] Las Palmas vs Real Valladolid
      ⏳ Deneme 1 başarısız, 30sn sonra tekrar...
      ⏳ Deneme 2 başarısız, 30sn sonra tekrar...
      ❌ 3 deneme de başarısız oldu
      📊 Toplam 0 oran
   [8/8] GV Club Deportivo San Jose de Oruro vs Club Bolivar
      ⏳ Deneme 1 başarısız, 30sn sonra tekrar...
      ⏳ Deneme 2 başarısız, 30sn sonra tekrar...
      ❌ 3 deneme de başarısız oldu
      📊 Toplam 0 oran

============================================================
📊 FİNAL SONUÇ
   ⚽ Toplam maç: 8
   📊 Toplam oran: 639
   📊 Ortalama: 79 oran/maç
   ✅ Detaylı: 2
   ⏱️ Süre: 0:10:32.177812
============================================================
   💾 Toplam 333 maç kaydedildi

🎉 İşlem tamamlandı!

📌 GitHub'a yükleyin:
   git add -A
   git commit -m "Oranlar guncellendi"
   git push
[main e600443] Otomatik oran guncelleme Paz 03.05.2026 21:50:36,51
 2 files changed, 892 insertions(+), 109 deletions(-)
 create mode 100644 json_to_excel.py
To https://github.com/yusufkocbiotek-sketch/iddiayusuf.git
   63e2557..e600443  main -> main
TAMAMLANDI 
 
========================================== 
ORAN GUNCELLEME BASLADI 
Tarih Saat: Paz 03.05.2026 22:00:01,91 
========================================== 
⚽ İddaa Oran Çekici - BUGÜNÜN TÜM MAÇLARI
📅 03/05/2026 22:00
============================================================
🌐 Chrome başlatılıyor...
✅ Chrome başlatıldı!
📡 https://www.iddaa.com/program/futbol?date=03.05.2026
   ⏳ Maçlar yükleniyor (max 30sn)...
   ✅ 8 maç bulundu

🔍 Maç isimleri toplanıyor...
   📋 8 maç bulundu:
      1. New York City vs DC United
      2. Operario vs Londrina PR
      3. Sao Bernardo FC vs Ponte Preta
      4. Las Palmas vs Real Valladolid
      5. GV Club Deportivo San Jose de Oruro vs Club Bolivar
      6. FC Supra Du Quebec vs Cavalry FC
      7. Ciudad de Bolivar vs Ferro Carril Oeste
      8. Espanyol vs Real Madrid

🔽 Maçlar tek tek açılıyor...

   [1/8] New York City vs DC United
      ✅ 65 detay oran çekildi
      📊 Toplam 72 oran
   [2/8] Operario vs Londrina PR
      ⏳ Deneme 1 başarısız, 30sn sonra tekrar...
      ⏳ Deneme 2 başarısız, 30sn sonra tekrar...
      ❌ 3 deneme de başarısız oldu
      📊 Toplam 0 oran
   [3/8] Sao Bernardo FC vs Ponte Preta
      ⏳ Deneme 1 başarısız, 30sn sonra tekrar...
      ⏳ Deneme 2 başarısız, 30sn sonra tekrar...
      ❌ 3 deneme de başarısız oldu
      📊 Toplam 0 oran
   [4/8] Las Palmas vs Real Valladolid
      ⏳ Deneme 1 başarısız, 30sn sonra tekrar...
      ⏳ Deneme 2 başarısız, 30sn sonra tekrar...
      ❌ 3 deneme de başarısız oldu
      📊 Toplam 0 oran
   [5/8] GV Club Deportivo San Jose de Oruro vs Club Bolivar
      ⏳ Deneme 1 başarısız, 30sn sonra tekrar...
      ⏳ Deneme 2 başarısız, 30sn sonra tekrar...
      ❌ 3 deneme de başarısız oldu
      📊 Toplam 0 oran
   [6/8] FC Supra Du Quebec vs Cavalry FC
      ⏳ Deneme 1 başarısız, 30sn sonra tekrar...
      ⏳ Deneme 2 başarısız, 30sn sonra tekrar...
      ❌ 3 deneme de başarısız oldu
      📊 Toplam 0 oran
   [7/8] Ciudad de Bolivar vs Ferro Carril Oeste
      ⏳ Deneme 1 başarısız, 30sn sonra tekrar...
      ⏳ Deneme 2 başarısız, 30sn sonra tekrar...
      ❌ 3 deneme de başarısız oldu
      📊 Toplam 0 oran
   [8/8] Espanyol vs Real Madrid
      ⏳ Deneme 1 başarısız, 30sn sonra tekrar...
      ⏳ Deneme 2 başarısız, 30sn sonra tekrar...
      ❌ 3 deneme de başarısız oldu
      📊 Toplam 0 oran

============================================================
📊 FİNAL SONUÇ
   ⚽ Toplam maç: 8
   📊 Toplam oran: 72
   📊 Ortalama: 9 oran/maç
   ✅ Detaylı: 1
   ⏱️ Süre: 0:11:29.297527
============================================================
   💾 Toplam 336 maç kaydedildi

🎉 İşlem tamamlandı!

📌 GitHub'a yükleyin:
   git add -A
   git commit -m "Oranlar guncellendi"
   git push
[main b97ad03] Otomatik oran guncelleme Paz 03.05.2026 22:11:33,80
 2 files changed, 238 insertions(+), 114 deletions(-)
 create mode 100644 iddaa_bulten.xlsx
To https://github.com/yusufkocbiotek-sketch/iddiayusuf.git
   e600443..b97ad03  main -> main
TAMAMLANDI 
 
========================================== 
ORAN GUNCELLEME BASLADI 
Tarih Saat: Paz 03.05.2026 22:20:01,82 
========================================== 
⚽ İddaa Oran Çekici - BUGÜNÜN TÜM MAÇLARI
📅 03/05/2026 22:20
============================================================
🌐 Chrome başlatılıyor...
✅ Chrome başlatıldı!
📡 https://www.iddaa.com/program/futbol?date=03.05.2026
   ⏳ Maçlar yükleniyor (max 30sn)...
   ✅ 10 maç bulundu

🔍 Maç isimleri toplanıyor...
   📋 10 maç bulundu:
      1. CA Ferrocarril Midland vs CA Guemes
      2. Godoy Cruz vs Deportivo Moron
      3. Rio Ave vs Gil Vicente
      4. Itt. Tanger vs AS Far Rabat
      5. Racing de Cordoba vs Deportivo Madryn
      6. Independiente Santa Fe vs Internacional de Bogota.
      7. Indep.Medell vs R Aguilas
      8. Alianza FC Valledupar vs Millonarios
      9. CD Tolima vs Deport Cali
      10. Fortaleza FC vs CA Bucaramanga

🔽 Maçlar tek tek açılıyor...

   [1/10] CA Ferrocarril Midland vs CA Guemes
      ✅ 34 detay oran çekildi
      📊 Toplam 34 oran
   [2/10] Godoy Cruz vs Deportivo Moron
      ✅ 37 detay oran çekildi
      📊 Toplam 37 oran
   [3/10] Rio Ave vs Gil Vicente
      ✅ 142 detay oran çekildi
      📊 Toplam 153 oran
   [4/10] Itt. Tanger vs AS Far Rabat
      ✅ 92 detay oran çekildi
      📊 Toplam 99 oran
   [5/10] Racing de Cordoba vs Deportivo Madryn
      ✅ 38 detay oran çekildi
      📊 Toplam 38 oran
   [6/10] Independiente Santa Fe vs Internacional de Bogota.
      ✅ 39 detay oran çekildi
      📊 Toplam 46 oran
   [7/10] Indep.Medell vs R Aguilas
      ✅ 35 detay oran çekildi
      📊 Toplam 42 oran
   [8/10] Alianza FC Valledupar vs Millonarios
      ✅ 39 detay oran çekildi
      📊 Toplam 46 oran
   [9/10] CD Tolima vs Deport Cali
      ✅ 39 detay oran çekildi
      📊 Toplam 46 oran
   [10/10] Fortaleza FC vs CA Bucaramanga
      ✅ 39 detay oran çekildi
      📊 Toplam 46 oran
   💾 Toplam 346 maç kaydedildi
   💾 10 maç kaydedildi (✅10 ❌0)

============================================================
📊 FİNAL SONUÇ
   ⚽ Toplam maç: 10
   📊 Toplam oran: 587
   📊 Ortalama: 58 oran/maç
   ✅ Detaylı: 10
   ⏱️ Süre: 0:04:13.379923
============================================================
   💾 Toplam 346 maç kaydedildi

🎉 İşlem tamamlandı!

📌 GitHub'a yükleyin:
   git add -A
   git commit -m "Oranlar guncellendi"
   git push
[main e1e6931] Otomatik oran guncelleme Paz 03.05.2026 22:24:17,57
 1 file changed, 780 insertions(+), 13 deletions(-)
To https://github.com/yusufkocbiotek-sketch/iddiayusuf.git
   b97ad03..e1e6931  main -> main
TAMAMLANDI 
 
========================================== 
ORAN GUNCELLEME BASLADI 
Tarih Saat: Paz 03.05.2026 22:30:01,84 
========================================== 
⚽ İddaa Oran Çekici - BUGÜNÜN TÜM MAÇLARI
📅 03/05/2026 22:30
============================================================
🌐 Chrome başlatılıyor...
✅ Chrome başlatıldı!
📡 https://www.iddaa.com/program/futbol?date=03.05.2026
   ⏳ Maçlar yükleniyor (max 30sn)...
   ✅ 9 maç bulundu

🔍 Maç isimleri toplanıyor...
   📋 9 maç bulundu:
      1. Itt. Tanger vs AS Far Rabat
      2. Racing de Cordoba vs Deportivo Madryn
      3. Independiente Santa Fe vs Internacional de Bogota.
      4. Indep.Medell vs R Aguilas
      5. Alianza FC Valledupar vs Millonarios
      6. CD Tolima vs Deport Cali
      7. Fortaleza FC vs CA Bucaramanga
      8. Alianza Atletico vs Huancayo
      9. Delfin Sc vs Mushuc Runa

🔽 Maçlar tek tek açılıyor...

   [1/9] Itt. Tanger vs AS Far Rabat
      ✅ 92 detay oran çekildi
      📊 Toplam 99 oran
   [2/9] Racing de Cordoba vs Deportivo Madryn
      ✅ 38 detay oran çekildi
      📊 Toplam 38 oran
   [3/9] Independiente Santa Fe vs Internacional de Bogota.
      ✅ 39 detay oran çekildi
      📊 Toplam 46 oran
   [4/9] Indep.Medell vs R Aguilas
      ✅ 35 detay oran çekildi
      📊 Toplam 42 oran
   [5/9] Alianza FC Valledupar vs Millonarios
      ✅ 39 detay oran çekildi
      📊 Toplam 46 oran
   [6/9] CD Tolima vs Deport Cali
      ✅ 39 detay oran çekildi
      📊 Toplam 46 oran
   [7/9] Fortaleza FC vs CA Bucaramanga
      ✅ 39 detay oran çekildi
      📊 Toplam 46 oran
   [8/9] Alianza Atletico vs Huancayo
      ✅ 39 detay oran çekildi
      📊 Toplam 46 oran
   [9/9] Delfin Sc vs Mushuc Runa
      ✅ 39 detay oran çekildi
      📊 Toplam 46 oran

============================================================
📊 FİNAL SONUÇ
   ⚽ Toplam maç: 9
   📊 Toplam oran: 455
   📊 Ortalama: 50 oran/maç
   ✅ Detaylı: 9
   ⏱️ Süre: 0:03:48.295304
============================================================
   💾 Toplam 348 maç kaydedildi

🎉 İşlem tamamlandı!

📌 GitHub'a yükleyin:
   git add -A
   git commit -m "Oranlar guncellendi"
   git push
[main 9e21610] Otomatik oran guncelleme Paz 03.05.2026 22:33:52,51
 1 file changed, 239 insertions(+), 111 deletions(-)
To https://github.com/yusufkocbiotek-sketch/iddiayusuf.git
   e1e6931..9e21610  main -> main
TAMAMLANDI 
 
========================================== 
ORAN GUNCELLEME BASLADI 
Tarih Saat: Paz 03.05.2026 22:40:01,83 
========================================== 
⚽ İddaa Oran Çekici - BUGÜNÜN TÜM MAÇLARI
📅 03/05/2026 22:40
============================================================
🌐 Chrome başlatılıyor...
✅ Chrome başlatıldı!
📡 https://www.iddaa.com/program/futbol?date=03.05.2026
   ⏳ Maçlar yükleniyor (max 30sn)...
   ✅ 9 maç bulundu

🔍 Maç isimleri toplanıyor...
   📋 9 maç bulundu:
      1. Itt. Tanger vs AS Far Rabat
      2. Racing de Cordoba vs Deportivo Madryn
      3. Independiente Santa Fe vs Internacional de Bogota.
      4. Indep.Medell vs R Aguilas
      5. Alianza FC Valledupar vs Millonarios
      6. CD Tolima vs Deport Cali
      7. Fortaleza FC vs CA Bucaramanga
      8. Alianza Atletico vs Huancayo
      9. Delfin Sc vs Mushuc Runa

🔽 Maçlar tek tek açılıyor...

   [1/9] Itt. Tanger vs AS Far Rabat
      ✅ 92 detay oran çekildi
      📊 Toplam 99 oran
   [2/9] Racing de Cordoba vs Deportivo Madryn
      ✅ 38 detay oran çekildi
      📊 Toplam 38 oran
   [3/9] Independiente Santa Fe vs Internacional de Bogota.
      ✅ 39 detay oran çekildi
      📊 Toplam 46 oran
   [4/9] Indep.Medell vs R Aguilas
      ✅ 35 detay oran çekildi
      📊 Toplam 42 oran
   [5/9] Alianza FC Valledupar vs Millonarios
      ✅ 39 detay oran çekildi
      📊 Toplam 46 oran
   [6/9] CD Tolima vs Deport Cali
      ✅ 39 detay oran çekildi
      📊 Toplam 46 oran
   [7/9] Fortaleza FC vs CA Bucaramanga
      ✅ 39 detay oran çekildi
      📊 Toplam 46 oran
   [8/9] Alianza Atletico vs Huancayo
      ✅ 39 detay oran çekildi
      📊 Toplam 46 oran
   [9/9] Delfin Sc vs Mushuc Runa
      ✅ 39 detay oran çekildi
      📊 Toplam 46 oran

============================================================
📊 FİNAL SONUÇ
   ⚽ Toplam maç: 9
   📊 Toplam oran: 455
   📊 Ortalama: 50 oran/maç
   ✅ Detaylı: 9
   ⏱️ Süre: 0:03:47.422953
============================================================
   💾 Toplam 348 maç kaydedildi

🎉 İşlem tamamlandı!

📌 GitHub'a yükleyin:
   git add -A
   git commit -m "Oranlar guncellendi"
   git push
[main 9cf4dfa] Otomatik oran guncelleme Paz 03.05.2026 22:43:51,66
 1 file changed, 104 insertions(+), 104 deletions(-)
To https://github.com/yusufkocbiotek-sketch/iddiayusuf.git
   9e21610..9cf4dfa  main -> main
TAMAMLANDI 
 
========================================== 
ORAN GUNCELLEME BASLADI 
Tarih Saat: Paz 03.05.2026 22:50:01,84 
========================================== 
⚽ İddaa Oran Çekici - BUGÜNÜN TÜM MAÇLARI
📅 03/05/2026 22:50
============================================================
🌐 Chrome başlatılıyor...
✅ Chrome başlatıldı!
📡 https://www.iddaa.com/program/futbol?date=03.05.2026
   ⏳ Maçlar yükleniyor (max 30sn)...
   ⚠️ Maç bulunamadı (timeout)
   ❌ Maç bulunamadı!

============================================================
📊 FİNAL SONUÇ
   ⚽ Toplam maç: 0
   ⏱️ Süre: 0:00:34.364537
============================================================
On branch main
Your branch is up to date with 'origin/main'.

nothing to commit, working tree clean
Everything up-to-date
TAMAMLANDI 
 
========================================== 
ORAN GUNCELLEME BASLADI 
Tarih Saat: Paz 03.05.2026 23:00:01,85 
========================================== 
⚽ İddaa Oran Çekici - BUGÜNÜN TÜM MAÇLARI
📅 03/05/2026 23:00
============================================================
🌐 Chrome başlatılıyor...
✅ Chrome başlatıldı!
📡 https://www.iddaa.com/program/futbol?date=03.05.2026
   ⏳ Maçlar yükleniyor (max 30sn)...
   ✅ 7 maç bulundu

🔍 Maç isimleri toplanıyor...
   📋 7 maç bulundu:
      1. Independiente Santa Fe vs Internacional de Bogota.
      2. Indep.Medell vs R Aguilas
      3. Alianza FC Valledupar vs Millonarios
      4. CD Tolima vs Deport Cali
      5. Fortaleza FC vs CA Bucaramanga
      6. Alianza Atletico vs Huancayo
      7. Delfin Sc vs Mushuc Runa

🔽 Maçlar tek tek açılıyor...

   [1/7] Independiente Santa Fe vs Internacional de Bogota.
      ✅ 39 detay oran çekildi
      📊 Toplam 46 oran
   [2/7] Indep.Medell vs R Aguilas
      ✅ 35 detay oran çekildi
      📊 Toplam 42 oran
   [3/7] Alianza FC Valledupar vs Millonarios
      ✅ 39 detay oran çekildi
      📊 Toplam 46 oran
   [4/7] CD Tolima vs Deport Cali
      ✅ 39 detay oran çekildi
      📊 Toplam 46 oran
   [5/7] Fortaleza FC vs CA Bucaramanga
      ✅ 39 detay oran çekildi
      📊 Toplam 46 oran
   [6/7] Alianza Atletico vs Huancayo
      ✅ 39 detay oran çekildi
      📊 Toplam 46 oran
   [7/7] Delfin Sc vs Mushuc Runa
      ✅ 39 detay oran çekildi
      📊 Toplam 46 oran

============================================================
📊 FİNAL SONUÇ
   ⚽ Toplam maç: 7
   📊 Toplam oran: 318
   📊 Ortalama: 45 oran/maç
   ✅ Detaylı: 7
   ⏱️ Süre: 0:02:58.490974
============================================================
   💾 Toplam 348 maç kaydedildi

🎉 İşlem tamamlandı!

📌 GitHub'a yükleyin:
   git add -A
   git commit -m "Oranlar guncellendi"
   git push
[main 40518ed] Otomatik oran guncelleme Paz 03.05.2026 23:03:02,77
 1 file changed, 168 insertions(+), 168 deletions(-)
To https://github.com/yusufkocbiotek-sketch/iddiayusuf.git
   9cf4dfa..40518ed  main -> main
TAMAMLANDI 
 
========================================== 
ORAN GUNCELLEME BASLADI 
Tarih Saat: Paz 03.05.2026 23:10:01,83 
========================================== 
⚽ İddaa Oran Çekici - BUGÜNÜN TÜM MAÇLARI
📅 03/05/2026 23:10
============================================================
🌐 Chrome başlatılıyor...
✅ Chrome başlatıldı!
📡 https://www.iddaa.com/program/futbol?date=03.05.2026
   ⏳ Maçlar yükleniyor (max 30sn)...
   ✅ 7 maç bulundu

🔍 Maç isimleri toplanıyor...
   📋 7 maç bulundu:
      1. Independiente Santa Fe vs Internacional de Bogota.
      2. Indep.Medell vs R Aguilas
      3. Alianza FC Valledupar vs Millonarios
      4. CD Tolima vs Deport Cali
      5. Fortaleza FC vs CA Bucaramanga
      6. Alianza Atletico vs Huancayo
      7. Delfin Sc vs Mushuc Runa

🔽 Maçlar tek tek açılıyor...

   [1/7] Independiente Santa Fe vs Internacional de Bogota.
      ⏳ Deneme 1 başarısız, 30sn sonra tekrar...
      ⏳ Deneme 2 başarısız, 30sn sonra tekrar...
      ❌ 3 deneme de başarısız oldu
      📊 Toplam 0 oran
   [2/7] Indep.Medell vs R Aguilas
      ⏳ Deneme 1 başarısız, 30sn sonra tekrar...
      ⏳ Deneme 2 başarısız, 30sn sonra tekrar...
      ❌ 3 deneme de başarısız oldu
      📊 Toplam 0 oran
   [3/7] Alianza FC Valledupar vs Millonarios
      ⏳ Deneme 1 başarısız, 30sn sonra tekrar...
      ⏳ Deneme 2 başarısız, 30sn sonra tekrar...
      ❌ 3 deneme de başarısız oldu
      📊 Toplam 0 oran
   [4/7] CD Tolima vs Deport Cali
      ⏳ Deneme 1 başarısız, 30sn sonra tekrar...
      ⏳ Deneme 2 başarısız, 30sn sonra tekrar...
      ❌ 3 deneme de başarısız oldu
      📊 Toplam 0 oran
   [5/7] Fortaleza FC vs CA Bucaramanga
      ⏳ Deneme 1 başarısız, 30sn sonra tekrar...
      ⏳ Deneme 2 başarısız, 30sn sonra tekrar...
      ❌ 3 deneme de başarısız oldu
      📊 Toplam 0 oran
   [6/7] Alianza Atletico vs Huancayo
      ⏳ Deneme 1 başarısız, 30sn sonra tekrar...
      ⏳ Deneme 2 başarısız, 30sn sonra tekrar...
      ❌ 3 deneme de başarısız oldu
      📊 Toplam 0 oran
   [7/7] Delfin Sc vs Mushuc Runa
      ⏳ Deneme 1 başarısız, 30sn sonra tekrar...
      ⏳ Deneme 2 başarısız, 30sn sonra tekrar...
      ❌ 3 deneme de başarısız oldu
      📊 Toplam 0 oran

============================================================
📊 FİNAL SONUÇ
   ⚽ Toplam maç: 7
   📊 Toplam oran: 0
   📊 Ortalama: 0 oran/maç
   ✅ Detaylı: 0
   ⏱️ Süre: 0:11:10.718193
============================================================
   💾 Toplam 348 maç kaydedildi

🎉 İşlem tamamlandı!

📌 GitHub'a yükleyin:
   git add -A
   git commit -m "Oranlar guncellendi"
   git push
[main fa7484f] Otomatik oran guncelleme Paz 03.05.2026 23:21:14,94
 1 file changed, 211 insertions(+), 536 deletions(-)
To https://github.com/yusufkocbiotek-sketch/iddiayusuf.git
   40518ed..fa7484f  main -> main
TAMAMLANDI 
 
========================================== 
ORAN GUNCELLEME BASLADI 
Tarih Saat: Paz 03.05.2026 23:30:01,63 
========================================== 
⚽ İddaa Oran Çekici - BUGÜNÜN TÜM MAÇLARI
📅 03/05/2026 23:30
============================================================
🌐 Chrome başlatılıyor...
✅ Chrome başlatıldı!
📡 https://www.iddaa.com/program/futbol?date=03.05.2026
   ⏳ Maçlar yükleniyor (max 30sn)...
   ✅ 1 maç bulundu

🔍 Maç isimleri toplanıyor...
   📋 1 maç bulundu:
      1. Alianza Atletico vs Huancayo

🔽 Maçlar tek tek açılıyor...

   [1/1] Alianza Atletico vs Huancayo
      ⏳ Deneme 1 başarısız, 30sn sonra tekrar...
      ⏳ Deneme 2 başarısız, 30sn sonra tekrar...
      ❌ 3 deneme de başarısız oldu
      📊 Toplam 14 oran

============================================================
📊 FİNAL SONUÇ
   ⚽ Toplam maç: 1
   📊 Toplam oran: 14
   📊 Ortalama: 14 oran/maç
   ✅ Detaylı: 0
   ⏱️ Süre: 0:01:49.521387
============================================================
   💾 Toplam 348 maç kaydedildi

🎉 İşlem tamamlandı!

📌 GitHub'a yükleyin:
   git add -A
   git commit -m "Oranlar guncellendi"
   git push
[main 5bff7a1] Otomatik oran guncelleme Paz 03.05.2026 23:31:53,53
 1 file changed, 125 insertions(+), 110 deletions(-)
To https://github.com/yusufkocbiotek-sketch/iddiayusuf.git
   fa7484f..5bff7a1  main -> main
TAMAMLANDI 
 
========================================== 
ORAN GUNCELLEME BASLADI 
Tarih Saat: Paz 03.05.2026 23:40:01,63 
========================================== 
⚽ İddaa Oran Çekici - BUGÜNÜN TÜM MAÇLARI
📅 03/05/2026 23:40
============================================================
🌐 Chrome başlatılıyor...
✅ Chrome başlatıldı!
📡 https://www.iddaa.com/program/futbol?date=03.05.2026
   ⏳ Maçlar yükleniyor (max 30sn)...
   ⚠️ Maç bulunamadı (timeout)
   ❌ Maç bulunamadı!

============================================================
📊 FİNAL SONUÇ
   ⚽ Toplam maç: 0
   ⏱️ Süre: 0:00:33.638267
============================================================
On branch main
Your branch is up to date with 'origin/main'.

nothing to commit, working tree clean
Everything up-to-date
TAMAMLANDI 
 
========================================== 
ORAN GUNCELLEME BASLADI 
Tarih Saat: Paz 03.05.2026 23:50:01,64 
========================================== 
⚽ İddaa Oran Çekici - BUGÜNÜN TÜM MAÇLARI
📅 03/05/2026 23:50
============================================================
🌐 Chrome başlatılıyor...
✅ Chrome başlatıldı!
📡 https://www.iddaa.com/program/futbol?date=03.05.2026
   ⏳ Maçlar yükleniyor (max 30sn)...
   ⚠️ Maç bulunamadı (timeout)
   ❌ Maç bulunamadı!

============================================================
📊 FİNAL SONUÇ
   ⚽ Toplam maç: 0
   ⏱️ Süre: 0:00:33.293376
============================================================
On branch main
Your branch is up to date with 'origin/main'.

nothing to commit, working tree clean
Everything up-to-date
TAMAMLANDI 
 
========================================== 
ORAN GUNCELLEME BASLADI 
Tarih Saat: Pzt 04.05.2026  0:00:01,63 
========================================== 
⚽ İddaa Oran Çekici - BUGÜNÜN TÜM MAÇLARI
📅 04/05/2026 00:00
============================================================
🌐 Chrome başlatılıyor...
✅ Chrome başlatıldı!
📡 https://www.iddaa.com/program/futbol?date=04.05.2026
   ⏳ Maçlar yükleniyor (max 30sn)...
   ✅ 8 maç bulundu

🔍 Maç isimleri toplanıyor...
   📋 8 maç bulundu:
      1. Strongest vs Academia del Balompie
      2. Austin FC vs Saint Louis City SC
      3. Goianiense vs Juventude
      4. Colo Colo vs Coquimbo Unido
      5. River Plate vs Atl. Tucuman
      6. Chapecoense vs Bragantino SP
      7. Internacional vs Fluminense
      8. AD Municipal Liberia vs Deportivo Saprissa

🔽 Maçlar tek tek açılıyor...

   [1/8] Strongest vs Academia del Balompie
      ✅ 36 detay oran çekildi
      📊 Toplam 36 oran
   [2/8] Austin FC vs Saint Louis City SC
      ✅ 662 detay oran çekildi
      📊 Toplam 669 oran
   [3/8] Goianiense vs Juventude
      ✅ 92 detay oran çekildi
      📊 Toplam 99 oran
   [4/8] Colo Colo vs Coquimbo Unido
      ✅ 39 detay oran çekildi
      📊 Toplam 46 oran
   [5/8] River Plate vs Atl. Tucuman
      ✅ 387 detay oran çekildi
      📊 Toplam 394 oran
   [6/8] Chapecoense vs Bragantino SP
      ✅ 650 detay oran çekildi
      📊 Toplam 657 oran
   [7/8] Internacional vs Fluminense
      ✅ 652 detay oran çekildi
      📊 Toplam 659 oran
   [8/8] AD Municipal Liberia vs Deportivo Saprissa
      ✅ 39 detay oran çekildi
      📊 Toplam 46 oran

============================================================
📊 FİNAL SONUÇ
   ⚽ Toplam maç: 8
   📊 Toplam oran: 2606
   📊 Ortalama: 325 oran/maç
   ✅ Detaylı: 8
   ⏱️ Süre: 0:03:28.326949
============================================================
   💾 Toplam 351 maç kaydedildi

🎉 İşlem tamamlandı!

📌 GitHub'a yükleyin:
   git add -A
   git commit -m "Oranlar guncellendi"
   git push
[main 6301798] Otomatik oran guncelleme Pzt 04.05.2026  0:03:32,32
 1 file changed, 2538 insertions(+), 742 deletions(-)
To https://github.com/yusufkocbiotek-sketch/iddiayusuf.git
   5bff7a1..6301798  main -> main
TAMAMLANDI 
 
========================================== 
ORAN GUNCELLEME BASLADI 
Tarih Saat: Pzt 04.05.2026  0:10:01,62 
========================================== 
⚽ İddaa Oran Çekici - BUGÜNÜN TÜM MAÇLARI
📅 04/05/2026 00:10
============================================================
🌐 Chrome başlatılıyor...
✅ Chrome başlatıldı!
📡 https://www.iddaa.com/program/futbol?date=04.05.2026
   ⏳ Maçlar yükleniyor (max 30sn)...
   ✅ 8 maç bulundu

🔍 Maç isimleri toplanıyor...
   📋 8 maç bulundu:
      1. Strongest vs Academia del Balompie
      2. Austin FC vs Saint Louis City SC
      3. Goianiense vs Juventude
      4. Colo Colo vs Coquimbo Unido
      5. River Plate vs Atl. Tucuman
      6. Chapecoense vs Bragantino SP
      7. Internacional vs Fluminense
      8. AD Municipal Liberia vs Deportivo Saprissa

🔽 Maçlar tek tek açılıyor...

   [1/8] Strongest vs Academia del Balompie
      ✅ 36 detay oran çekildi
      📊 Toplam 36 oran
   [2/8] Austin FC vs Saint Louis City SC
      ✅ 664 detay oran çekildi
      📊 Toplam 671 oran
   [3/8] Goianiense vs Juventude
      ✅ 92 detay oran çekildi
      📊 Toplam 99 oran
   [4/8] Colo Colo vs Coquimbo Unido
      ✅ 39 detay oran çekildi
      📊 Toplam 46 oran
   [5/8] River Plate vs Atl. Tucuman
      ✅ 387 detay oran çekildi
      📊 Toplam 394 oran
   [6/8] Chapecoense vs Bragantino SP
      ✅ 650 detay oran çekildi
      📊 Toplam 657 oran
   [7/8] Internacional vs Fluminense
      ✅ 652 detay oran çekildi
      📊 Toplam 659 oran
   [8/8] AD Municipal Liberia vs Deportivo Saprissa
      ✅ 39 detay oran çekildi
      📊 Toplam 46 oran

============================================================
📊 FİNAL SONUÇ
   ⚽ Toplam maç: 8
   📊 Toplam oran: 2608
   📊 Ortalama: 326 oran/maç
   ✅ Detaylı: 8
   ⏱️ Süre: 0:03:24.802088
============================================================
   💾 Toplam 351 maç kaydedildi

🎉 İşlem tamamlandı!

📌 GitHub'a yükleyin:
   git add -A
   git commit -m "Oranlar guncellendi"
   git push
[main a48fc22] Otomatik oran guncelleme Pzt 04.05.2026  0:13:28,79
 1 file changed, 574 insertions(+), 572 deletions(-)
To https://github.com/yusufkocbiotek-sketch/iddiayusuf.git
   6301798..a48fc22  main -> main
TAMAMLANDI 
 
========================================== 
ORAN GUNCELLEME BASLADI 
Tarih Saat: Pzt 04.05.2026  0:20:01,64 
========================================== 
⚽ İddaa Oran Çekici - BUGÜNÜN TÜM MAÇLARI
📅 04/05/2026 00:20
============================================================
🌐 Chrome başlatılıyor...
✅ Chrome başlatıldı!
📡 https://www.iddaa.com/program/futbol?date=04.05.2026
   ⏳ Maçlar yükleniyor (max 30sn)...
   ✅ 8 maç bulundu

🔍 Maç isimleri toplanıyor...
   📋 8 maç bulundu:
      1. Austin FC vs Saint Louis City SC
      2. Goianiense vs Juventude
      3. Colo Colo vs Coquimbo Unido
      4. River Plate vs Atl. Tucuman
      5. Chapecoense vs Bragantino SP
      6. Internacional vs Fluminense
      7. AD Municipal Liberia vs Deportivo Saprissa
      8. San Francisc vs San Juan FC

🔽 Maçlar tek tek açılıyor...

   [1/8] Austin FC vs Saint Louis City SC
      ✅ 664 detay oran çekildi
      📊 Toplam 671 oran
   [2/8] Goianiense vs Juventude
      ✅ 92 detay oran çekildi
      📊 Toplam 99 oran
   [3/8] Colo Colo vs Coquimbo Unido
      ✅ 39 detay oran çekildi
      📊 Toplam 46 oran
   [4/8] River Plate vs Atl. Tucuman
      ✅ 387 detay oran çekildi
      📊 Toplam 394 oran
   [5/8] Chapecoense vs Bragantino SP
      ✅ 650 detay oran çekildi
      📊 Toplam 657 oran
   [6/8] Internacional vs Fluminense
      ✅ 652 detay oran çekildi
      📊 Toplam 659 oran
   [7/8] AD Municipal Liberia vs Deportivo Saprissa
      ✅ 39 detay oran çekildi
      📊 Toplam 46 oran
   [8/8] San Francisc vs San Juan FC
      ✅ 40 detay oran çekildi
      📊 Toplam 40 oran

============================================================
📊 FİNAL SONUÇ
   ⚽ Toplam maç: 8
   📊 Toplam oran: 2612
   📊 Ortalama: 326 oran/maç
   ✅ Detaylı: 8
   ⏱️ Süre: 0:03:25.837060
============================================================
   💾 Toplam 352 maç kaydedildi

🎉 İşlem tamamlandı!

📌 GitHub'a yükleyin:
   git add -A
   git commit -m "Oranlar guncellendi"
   git push
[main 06a478d] Otomatik oran guncelleme Pzt 04.05.2026  0:23:29,85
 1 file changed, 696 insertions(+), 638 deletions(-)
To https://github.com/yusufkocbiotek-sketch/iddiayusuf.git
   a48fc22..06a478d  main -> main
TAMAMLANDI 
 
========================================== 
ORAN GUNCELLEME BASLADI 
Tarih Saat: Pzt 04.05.2026  0:30:01,63 
========================================== 
⚽ İddaa Oran Çekici - BUGÜNÜN TÜM MAÇLARI
📅 04/05/2026 00:30
============================================================
🌐 Chrome başlatılıyor...
✅ Chrome başlatıldı!
📡 https://www.iddaa.com/program/futbol?date=04.05.2026
   ⏳ Maçlar yükleniyor (max 30sn)...
   ✅ 8 maç bulundu

🔍 Maç isimleri toplanıyor...
   📋 8 maç bulundu:
      1. AD Municipal Liberia vs Deportivo Saprissa
      2. San Francisc vs San Juan FC
      3. Carabobo FC vs Metropolitan
      4. Club Leones Del Norte vs CS Emelec
      5. Municipal vs Deportivo G
      6. Atl. Junior vs Deportivo Pasto
      7. America De Cali vs CS Deportivo Pereira
      8. Monterey Bay FC vs Tulsa Roughnecks

🔽 Maçlar tek tek açılıyor...

   [1/8] AD Municipal Liberia vs Deportivo Saprissa
      ✅ 39 detay oran çekildi
      📊 Toplam 46 oran
   [2/8] San Francisc vs San Juan FC
      ✅ 40 detay oran çekildi
      📊 Toplam 40 oran
   [3/8] Carabobo FC vs Metropolitan
      ✅ 37 detay oran çekildi
      📊 Toplam 44 oran
   [4/8] Club Leones Del Norte vs CS Emelec
      ✅ 39 detay oran çekildi
      📊 Toplam 46 oran
   [5/8] Municipal vs Deportivo G
      ✅ 34 detay oran çekildi
      📊 Toplam 41 oran
   [6/8] Atl. Junior vs Deportivo Pasto
      ✅ 39 detay oran çekildi
      📊 Toplam 46 oran
   [7/8] America De Cali vs CS Deportivo Pereira
      ✅ 35 detay oran çekildi
      📊 Toplam 42 oran
   [8/8] Monterey Bay FC vs Tulsa Roughnecks
      ✅ 96 detay oran çekildi
      📊 Toplam 103 oran

============================================================
📊 FİNAL SONUÇ
   ⚽ Toplam maç: 8
   📊 Toplam oran: 408
   📊 Ortalama: 51 oran/maç
   ✅ Detaylı: 8
   ⏱️ Süre: 0:03:37.298243
============================================================
   💾 Toplam 358 maç kaydedildi

🎉 İşlem tamamlandı!

📌 GitHub'a yükleyin:
   git add -A
   git commit -m "Oranlar guncellendi"
   git push
[main 291df81] Otomatik oran guncelleme Pzt 04.05.2026  0:33:41,30
 1 file changed, 439 insertions(+), 9 deletions(-)
To https://github.com/yusufkocbiotek-sketch/iddiayusuf.git
   06a478d..291df81  main -> main
TAMAMLANDI 
 
========================================== 
ORAN GUNCELLEME BASLADI 
Tarih Saat: Pzt 04.05.2026  0:40:01,63 
========================================== 
⚽ İddaa Oran Çekici - BUGÜNÜN TÜM MAÇLARI
📅 04/05/2026 00:40
============================================================
🌐 Chrome başlatılıyor...
✅ Chrome başlatıldı!
📡 https://www.iddaa.com/program/futbol?date=04.05.2026
   ⏳ Maçlar yükleniyor (max 30sn)...
   ✅ 8 maç bulundu

🔍 Maç isimleri toplanıyor...
   📋 8 maç bulundu:
      1. AD Municipal Liberia vs Deportivo Saprissa
      2. San Francisc vs San Juan FC
      3. Carabobo FC vs Metropolitan
      4. Club Leones Del Norte vs CS Emelec
      5. Municipal vs Deportivo G
      6. Atl. Junior vs Deportivo Pasto
      7. America De Cali vs CS Deportivo Pereira
      8. Monterey Bay FC vs Tulsa Roughnecks

🔽 Maçlar tek tek açılıyor...

   [1/8] AD Municipal Liberia vs Deportivo Saprissa
      ✅ 39 detay oran çekildi
      📊 Toplam 46 oran
   [2/8] San Francisc vs San Juan FC
      ✅ 40 detay oran çekildi
      📊 Toplam 40 oran
   [3/8] Carabobo FC vs Metropolitan
      ✅ 39 detay oran çekildi
      📊 Toplam 46 oran
   [4/8] Club Leones Del Norte vs CS Emelec
      ✅ 39 detay oran çekildi
      📊 Toplam 46 oran
   [5/8] Municipal vs Deportivo G
      ✅ 34 detay oran çekildi
      📊 Toplam 41 oran
   [6/8] Atl. Junior vs Deportivo Pasto
      ✅ 39 detay oran çekildi
      📊 Toplam 46 oran
   [7/8] America De Cali vs CS Deportivo Pereira
      ✅ 35 detay oran çekildi
      📊 Toplam 42 oran
   [8/8] Monterey Bay FC vs Tulsa Roughnecks
      ✅ 96 detay oran çekildi
      📊 Toplam 103 oran

============================================================
📊 FİNAL SONUÇ
   ⚽ Toplam maç: 8
   📊 Toplam oran: 410
   📊 Ortalama: 51 oran/maç
   ✅ Detaylı: 8
   ⏱️ Süre: 0:03:22.697464
============================================================
   💾 Toplam 358 maç kaydedildi

🎉 İşlem tamamlandı!

📌 GitHub'a yükleyin:
   git add -A
   git commit -m "Oranlar guncellendi"
   git push
[main ade9b6b] Otomatik oran guncelleme Pzt 04.05.2026  0:43:26,70
 1 file changed, 83 insertions(+), 81 deletions(-)
To https://github.com/yusufkocbiotek-sketch/iddiayusuf.git
   291df81..ade9b6b  main -> main
TAMAMLANDI 
 
========================================== 
ORAN GUNCELLEME BASLADI 
Tarih Saat: Pzt 04.05.2026  0:50:01,63 
========================================== 
⚽ İddaa Oran Çekici - BUGÜNÜN TÜM MAÇLARI
📅 04/05/2026 00:50
============================================================
🌐 Chrome başlatılıyor...
✅ Chrome başlatıldı!
📡 https://www.iddaa.com/program/futbol?date=04.05.2026
   ⏳ Maçlar yükleniyor (max 30sn)...
   ✅ 8 maç bulundu

🔍 Maç isimleri toplanıyor...
   📋 8 maç bulundu:
      1. AD Municipal Liberia vs Deportivo Saprissa
      2. San Francisc vs San Juan FC
      3. Carabobo FC vs Metropolitan
      4. Club Leones Del Norte vs CS Emelec
      5. Municipal vs Deportivo G
      6. Atl. Junior vs Deportivo Pasto
      7. America De Cali vs CS Deportivo Pereira
      8. Monterey Bay FC vs Tulsa Roughnecks

🔽 Maçlar tek tek açılıyor...

   [1/8] AD Municipal Liberia vs Deportivo Saprissa
      ✅ 39 detay oran çekildi
      📊 Toplam 46 oran
   [2/8] San Francisc vs San Juan FC
      ✅ 40 detay oran çekildi
      📊 Toplam 40 oran
   [3/8] Carabobo FC vs Metropolitan
      ✅ 39 detay oran çekildi
      📊 Toplam 46 oran
   [4/8] Club Leones Del Norte vs CS Emelec
      ✅ 39 detay oran çekildi
      📊 Toplam 46 oran
   [5/8] Municipal vs Deportivo G
      ✅ 34 detay oran çekildi
      📊 Toplam 41 oran
   [6/8] Atl. Junior vs Deportivo Pasto
      ✅ 39 detay oran çekildi
      📊 Toplam 46 oran
   [7/8] America De Cali vs CS Deportivo Pereira
      ✅ 35 detay oran çekildi
      📊 Toplam 42 oran
   [8/8] Monterey Bay FC vs Tulsa Roughnecks
      ✅ 96 detay oran çekildi
      📊 Toplam 103 oran

============================================================
📊 FİNAL SONUÇ
   ⚽ Toplam maç: 8
   📊 Toplam oran: 410
   📊 Ortalama: 51 oran/maç
   ✅ Detaylı: 8
   ⏱️ Süre: 0:03:22.694152
============================================================
   💾 Toplam 358 maç kaydedildi

🎉 İşlem tamamlandı!

📌 GitHub'a yükleyin:
   git add -A
   git commit -m "Oranlar guncellendi"
   git push
[main 2fc758f] Otomatik oran guncelleme Pzt 04.05.2026  0:53:26,67
 1 file changed, 108 insertions(+), 108 deletions(-)
To https://github.com/yusufkocbiotek-sketch/iddiayusuf.git
   ade9b6b..2fc758f  main -> main
TAMAMLANDI 
 
========================================== 
ORAN GUNCELLEME BASLADI 
Tarih Saat: Pzt 04.05.2026  1:00:01,64 
========================================== 
⚽ İddaa Oran Çekici - BUGÜNÜN TÜM MAÇLARI
📅 04/05/2026 01:00
============================================================
🌐 Chrome başlatılıyor...
✅ Chrome başlatıldı!
📡 https://www.iddaa.com/program/futbol?date=04.05.2026
   ⏳ Maçlar yükleniyor (max 30sn)...
   ✅ 8 maç bulundu

🔍 Maç isimleri toplanıyor...
   📋 8 maç bulundu:
      1. Municipal vs Deportivo G
      2. Atl. Junior vs Deportivo Pasto
      3. America De Cali vs CS Deportivo Pereira
      4. Monterey Bay FC vs Tulsa Roughnecks
      5. CF America vs Pumas Unam
      6. Guarani Asu vs Nacional Asuncion
      7. Melgar vs Cajamarca
      8. Albion FC vs Nacional

🔽 Maçlar tek tek açılıyor...

   [1/8] Municipal vs Deportivo G
      ✅ 34 detay oran çekildi
      📊 Toplam 41 oran
   [2/8] Atl. Junior vs Deportivo Pasto
      ✅ 39 detay oran çekildi
      📊 Toplam 46 oran
   [3/8] America De Cali vs CS Deportivo Pereira
      ✅ 35 detay oran çekildi
      📊 Toplam 42 oran
   [4/8] Monterey Bay FC vs Tulsa Roughnecks
      ✅ 96 detay oran çekildi
      📊 Toplam 103 oran
   [5/8] CF America vs Pumas Unam
      ✅ 257 detay oran çekildi
      📊 Toplam 264 oran
   [6/8] Guarani Asu vs Nacional Asuncion
      ✅ 39 detay oran çekildi
      📊 Toplam 46 oran
   [7/8] Melgar vs Cajamarca
      ✅ 35 detay oran çekildi
      📊 Toplam 42 oran
   [8/8] Albion FC vs Nacional
      ✅ 12 detay oran çekildi
      📊 Toplam 12 oran

============================================================
📊 FİNAL SONUÇ
   ⚽ Toplam maç: 8
   📊 Toplam oran: 596
   📊 Ortalama: 74 oran/maç
   ✅ Detaylı: 7
   ⏱️ Süre: 0:03:22.516106
============================================================
   💾 Toplam 362 maç kaydedildi

🎉 İşlem tamamlandı!

📌 GitHub'a yükleyin:
   git add -A
   git commit -m "Oranlar guncellendi"
   git push
[main 9ab6a72] Otomatik oran guncelleme Pzt 04.05.2026  1:03:26,55
 1 file changed, 486 insertions(+), 50 deletions(-)
To https://github.com/yusufkocbiotek-sketch/iddiayusuf.git
   2fc758f..9ab6a72  main -> main
TAMAMLANDI 
 
========================================== 
ORAN GUNCELLEME BASLADI 
Tarih Saat: Pzt 04.05.2026  1:10:01,63 
========================================== 
⚽ İddaa Oran Çekici - BUGÜNÜN TÜM MAÇLARI
📅 04/05/2026 01:10
============================================================
🌐 Chrome başlatılıyor...
✅ Chrome başlatıldı!
📡 https://www.iddaa.com/program/futbol?date=04.05.2026
   ⏳ Maçlar yükleniyor (max 30sn)...
   ✅ 8 maç bulundu

🔍 Maç isimleri toplanıyor...
   📋 8 maç bulundu:
      1. Municipal vs Deportivo G
      2. Atl. Junior vs Deportivo Pasto
      3. America De Cali vs CS Deportivo Pereira
      4. Monterey Bay FC vs Tulsa Roughnecks
      5. CF America vs Pumas Unam
      6. Guarani Asu vs Nacional Asuncion
      7. Melgar vs Cajamarca
      8. Albion FC vs Nacional

🔽 Maçlar tek tek açılıyor...

   [1/8] Municipal vs Deportivo G
      ✅ 34 detay oran çekildi
      📊 Toplam 41 oran
   [2/8] Atl. Junior vs Deportivo Pasto
      ✅ 39 detay oran çekildi
      📊 Toplam 46 oran
   [3/8] America De Cali vs CS Deportivo Pereira
      ✅ 36 detay oran çekildi
      📊 Toplam 43 oran
   [4/8] Monterey Bay FC vs Tulsa Roughnecks
      ✅ 96 detay oran çekildi
      📊 Toplam 103 oran
   [5/8] CF America vs Pumas Unam
      ✅ 257 detay oran çekildi
      📊 Toplam 264 oran
   [6/8] Guarani Asu vs Nacional Asuncion
      ✅ 39 detay oran çekildi
      📊 Toplam 46 oran
   [7/8] Melgar vs Cajamarca
      ✅ 35 detay oran çekildi
      📊 Toplam 42 oran
   [8/8] Albion FC vs Nacional
      ✅ 12 detay oran çekildi
      📊 Toplam 12 oran

============================================================
📊 FİNAL SONUÇ
   ⚽ Toplam maç: 8
   📊 Toplam oran: 597
   📊 Ortalama: 74 oran/maç
   ✅ Detaylı: 7
   ⏱️ Süre: 0:03:22.226714
============================================================
   💾 Toplam 362 maç kaydedildi

🎉 İşlem tamamlandı!

📌 GitHub'a yükleyin:
   git add -A
   git commit -m "Oranlar guncellendi"
   git push
[main 9220317] Otomatik oran guncelleme Pzt 04.05.2026  1:13:26,25
 1 file changed, 167 insertions(+), 166 deletions(-)
To https://github.com/yusufkocbiotek-sketch/iddiayusuf.git
   9ab6a72..9220317  main -> main
TAMAMLANDI 
 
========================================== 
ORAN GUNCELLEME BASLADI 
Tarih Saat: Pzt 04.05.2026  1:20:01,65 
========================================== 
⚽ İddaa Oran Çekici - BUGÜNÜN TÜM MAÇLARI
📅 04/05/2026 01:20
============================================================
🌐 Chrome başlatılıyor...
✅ Chrome başlatıldı!
📡 https://www.iddaa.com/program/futbol?date=04.05.2026
   ⏳ Maçlar yükleniyor (max 30sn)...
   ✅ 8 maç bulundu

🔍 Maç isimleri toplanıyor...
   📋 8 maç bulundu:
      1. Municipal vs Deportivo G
      2. Atl. Junior vs Deportivo Pasto
      3. America De Cali vs CS Deportivo Pereira
      4. Monterey Bay FC vs Tulsa Roughnecks
      5. CF America vs Pumas Unam
      6. Guarani Asu vs Nacional Asuncion
      7. Melgar vs Cajamarca
      8. Albion FC vs Nacional

🔽 Maçlar tek tek açılıyor...

   [1/8] Municipal vs Deportivo G
      ✅ 34 detay oran çekildi
      📊 Toplam 41 oran
   [2/8] Atl. Junior vs Deportivo Pasto
      ✅ 39 detay oran çekildi
      📊 Toplam 46 oran
   [3/8] America De Cali vs CS Deportivo Pereira
      ✅ 36 detay oran çekildi
      📊 Toplam 43 oran
   [4/8] Monterey Bay FC vs Tulsa Roughnecks
      ✅ 96 detay oran çekildi
      📊 Toplam 103 oran
   [5/8] CF America vs Pumas Unam
      ✅ 258 detay oran çekildi
      📊 Toplam 265 oran
   [6/8] Guarani Asu vs Nacional Asuncion
      ✅ 39 detay oran çekildi
      📊 Toplam 46 oran
   [7/8] Melgar vs Cajamarca
      ✅ 35 detay oran çekildi
      📊 Toplam 42 oran
   [8/8] Albion FC vs Nacional
      ✅ 12 detay oran çekildi
      📊 Toplam 12 oran

============================================================
📊 FİNAL SONUÇ
   ⚽ Toplam maç: 8
   📊 Toplam oran: 598
   📊 Ortalama: 74 oran/maç
   ✅ Detaylı: 7
   ⏱️ Süre: 0:03:22.750930
============================================================
   💾 Toplam 362 maç kaydedildi

🎉 İşlem tamamlandı!

📌 GitHub'a yükleyin:
   git add -A
   git commit -m "Oranlar guncellendi"
   git push
[main 0ab01ea] Otomatik oran guncelleme Pzt 04.05.2026  1:23:26,77
 1 file changed, 228 insertions(+), 227 deletions(-)
To https://github.com/yusufkocbiotek-sketch/iddiayusuf.git
   9220317..0ab01ea  main -> main
TAMAMLANDI 
 
========================================== 
ORAN GUNCELLEME BASLADI 
Tarih Saat: Pzt 04.05.2026  1:30:01,63 
========================================== 
⚽ İddaa Oran Çekici - BUGÜNÜN TÜM MAÇLARI
📅 04/05/2026 01:30
============================================================
🌐 Chrome başlatılıyor...
✅ Chrome başlatıldı!
📡 https://www.iddaa.com/program/futbol?date=04.05.2026
   ⏳ Maçlar yükleniyor (max 30sn)...
   ✅ 8 maç bulundu

🔍 Maç isimleri toplanıyor...
   📋 8 maç bulundu:
      1. Atl. Junior vs Deportivo Pasto
      2. America De Cali vs CS Deportivo Pereira
      3. Monterey Bay FC vs Tulsa Roughnecks
      4. CF America vs Pumas Unam
      5. Guarani Asu vs Nacional Asuncion
      6. Melgar vs Cajamarca
      7. Albion FC vs Nacional
      8. Pacific FC vs Vancouver Langley FC

🔽 Maçlar tek tek açılıyor...

   [1/8] Atl. Junior vs Deportivo Pasto
      ✅ 39 detay oran çekildi
      📊 Toplam 46 oran
   [2/8] America De Cali vs CS Deportivo Pereira
      ✅ 36 detay oran çekildi
      📊 Toplam 43 oran
   [3/8] Monterey Bay FC vs Tulsa Roughnecks
      ✅ 96 detay oran çekildi
      📊 Toplam 103 oran
   [4/8] CF America vs Pumas Unam
      ✅ 258 detay oran çekildi
      📊 Toplam 265 oran
   [5/8] Guarani Asu vs Nacional Asuncion
      ✅ 39 detay oran çekildi
      📊 Toplam 46 oran
   [6/8] Melgar vs Cajamarca
      ✅ 35 detay oran çekildi
      📊 Toplam 42 oran
   [7/8] Albion FC vs Nacional
      ✅ 12 detay oran çekildi
      📊 Toplam 12 oran
   [8/8] Pacific FC vs Vancouver Langley FC
      ✅ 96 detay oran çekildi
      📊 Toplam 103 oran

============================================================
📊 FİNAL SONUÇ
   ⚽ Toplam maç: 8
   📊 Toplam oran: 660
   📊 Ortalama: 82 oran/maç
   ✅ Detaylı: 7
   ⏱️ Süre: 0:03:23.861575
============================================================
   💾 Toplam 363 maç kaydedildi

🎉 İşlem tamamlandı!

📌 GitHub'a yükleyin:
   git add -A
   git commit -m "Oranlar guncellendi"
   git push
[main 3097643] Otomatik oran guncelleme Pzt 04.05.2026  1:33:27,87
 1 file changed, 212 insertions(+), 91 deletions(-)
To https://github.com/yusufkocbiotek-sketch/iddiayusuf.git
   0ab01ea..3097643  main -> main
TAMAMLANDI 
 
========================================== 
ORAN GUNCELLEME BASLADI 
Tarih Saat: Pzt 04.05.2026  1:40:01,62 
========================================== 
⚽ İddaa Oran Çekici - BUGÜNÜN TÜM MAÇLARI
📅 04/05/2026 01:40
============================================================
🌐 Chrome başlatılıyor...
✅ Chrome başlatıldı!
📡 https://www.iddaa.com/program/futbol?date=04.05.2026
   ⏳ Maçlar yükleniyor (max 30sn)...
   ✅ 8 maç bulundu

🔍 Maç isimleri toplanıyor...
   📋 8 maç bulundu:
      1. Atl. Junior vs Deportivo Pasto
      2. America De Cali vs CS Deportivo Pereira
      3. Monterey Bay FC vs Tulsa Roughnecks
      4. CF America vs Pumas Unam
      5. Guarani Asu vs Nacional Asuncion
      6. Melgar vs Cajamarca
      7. Albion FC vs Nacional
      8. Pacific FC vs Vancouver Langley FC

🔽 Maçlar tek tek açılıyor...

   [1/8] Atl. Junior vs Deportivo Pasto
      ✅ 39 detay oran çekildi
      📊 Toplam 46 oran
   [2/8] America De Cali vs CS Deportivo Pereira
      ✅ 35 detay oran çekildi
      📊 Toplam 42 oran
   [3/8] Monterey Bay FC vs Tulsa Roughnecks
      ✅ 96 detay oran çekildi
      📊 Toplam 103 oran
   [4/8] CF America vs Pumas Unam
      ✅ 258 detay oran çekildi
      📊 Toplam 265 oran
   [5/8] Guarani Asu vs Nacional Asuncion
      ✅ 39 detay oran çekildi
      📊 Toplam 46 oran
   [6/8] Melgar vs Cajamarca
      ✅ 35 detay oran çekildi
      📊 Toplam 42 oran
   [7/8] Albion FC vs Nacional
      ✅ 12 detay oran çekildi
      📊 Toplam 12 oran
   [8/8] Pacific FC vs Vancouver Langley FC
      ✅ 97 detay oran çekildi
      📊 Toplam 104 oran

============================================================
📊 FİNAL SONUÇ
   ⚽ Toplam maç: 8
   📊 Toplam oran: 660
   📊 Ortalama: 82 oran/maç
   ✅ Detaylı: 7
   ⏱️ Süre: 0:03:22.826199
============================================================
   💾 Toplam 363 maç kaydedildi

🎉 İşlem tamamlandı!

📌 GitHub'a yükleyin:
   git add -A
   git commit -m "Oranlar guncellendi"
   git push
[main 632b4e2] Otomatik oran guncelleme Pzt 04.05.2026  1:43:26,81
 1 file changed, 414 insertions(+), 414 deletions(-)
To https://github.com/yusufkocbiotek-sketch/iddiayusuf.git
   3097643..632b4e2  main -> main
TAMAMLANDI 
 
========================================== 
ORAN GUNCELLEME BASLADI 
Tarih Saat: Pzt 04.05.2026  1:50:01,61 
========================================== 
⚽ İddaa Oran Çekici - BUGÜNÜN TÜM MAÇLARI
📅 04/05/2026 01:50
============================================================
🌐 Chrome başlatılıyor...
✅ Chrome başlatıldı!
📡 https://www.iddaa.com/program/futbol?date=04.05.2026
   ⏳ Maçlar yükleniyor (max 30sn)...
   ✅ 9 maç bulundu

🔍 Maç isimleri toplanıyor...
   📋 9 maç bulundu:
      1. Monterey Bay FC vs Tulsa Roughnecks
      2. CF America vs Pumas Unam
      3. Guarani Asu vs Nacional Asuncion
      4. Melgar vs Cajamarca
      5. Albion FC vs Nacional
      6. Pacific FC vs Vancouver Langley FC
      7. Cancun FC vs Tampico Madero
      8. America MG vs Crb Al
      9. Avai SC vs Gremio Novo

🔽 Maçlar tek tek açılıyor...

   [1/9] Monterey Bay FC vs Tulsa Roughnecks
      ✅ 96 detay oran çekildi
      📊 Toplam 103 oran
   [2/9] CF America vs Pumas Unam
      ✅ 258 detay oran çekildi
      📊 Toplam 265 oran
   [3/9] Guarani Asu vs Nacional Asuncion
      ✅ 39 detay oran çekildi
      📊 Toplam 39 oran
   [4/9] Melgar vs Cajamarca
      ✅ 35 detay oran çekildi
      📊 Toplam 42 oran
   [5/9] Albion FC vs Nacional
      ✅ 12 detay oran çekildi
      📊 Toplam 12 oran
   [6/9] Pacific FC vs Vancouver Langley FC
      ✅ 97 detay oran çekildi
      📊 Toplam 104 oran
   [7/9] Cancun FC vs Tampico Madero
      ✅ 39 detay oran çekildi
      📊 Toplam 46 oran
   [8/9] America MG vs Crb Al
      ✅ 94 detay oran çekildi
      📊 Toplam 101 oran
   [9/9] Avai SC vs Gremio Novo
      ✅ 94 detay oran çekildi
      📊 Toplam 101 oran

============================================================
📊 FİNAL SONUÇ
   ⚽ Toplam maç: 9
   📊 Toplam oran: 813
   📊 Ortalama: 90 oran/maç
   ✅ Detaylı: 8
   ⏱️ Süre: 0:03:50.004399
============================================================
   💾 Toplam 366 maç kaydedildi

🎉 İşlem tamamlandı!

📌 GitHub'a yükleyin:
   git add -A
   git commit -m "Oranlar guncellendi"
   git push
[main 71b06cf] Otomatik oran guncelleme Pzt 04.05.2026  1:53:53,99
 1 file changed, 428 insertions(+), 133 deletions(-)
To https://github.com/yusufkocbiotek-sketch/iddiayusuf.git
   632b4e2..71b06cf  main -> main
TAMAMLANDI 
 
========================================== 
ORAN GUNCELLEME BASLADI 
Tarih Saat: Pzt 04.05.2026  2:00:01,65 
========================================== 
⚽ İddaa Oran Çekici - BUGÜNÜN TÜM MAÇLARI
📅 04/05/2026 02:00
============================================================
🌐 Chrome başlatılıyor...
✅ Chrome başlatıldı!
📡 https://www.iddaa.com/program/futbol?date=04.05.2026
   ⏳ Maçlar yükleniyor (max 30sn)...
   ✅ 8 maç bulundu

🔍 Maç isimleri toplanıyor...
   📋 8 maç bulundu:
      1. America MG vs Crb Al
      2. Avai SC vs Gremio Novo
      3. Mirassol FC SP vs Corinthians
      4. Deportes Limache vs O'Higgins
      5. Xelaju vs CD Marquense
      6. CD Suchitepequez vs Chichicasteco FC
      7. Tepatitlan FC vs CD Mineros De Zacatecas
      8. Deportivo Toluca vs CF Pachuca

🔽 Maçlar tek tek açılıyor...

   [1/8] America MG vs Crb Al
      ✅ 94 detay oran çekildi
      📊 Toplam 101 oran
   [2/8] Avai SC vs Gremio Novo
      ✅ 94 detay oran çekildi
      📊 Toplam 101 oran
   [3/8] Mirassol FC SP vs Corinthians
      ✅ 642 detay oran çekildi
      📊 Toplam 649 oran
   [4/8] Deportes Limache vs O'Higgins
      ✅ 39 detay oran çekildi
      📊 Toplam 46 oran
   [5/8] Xelaju vs CD Marquense
      ✅ 35 detay oran çekildi
      📊 Toplam 42 oran
   [6/8] CD Suchitepequez vs Chichicasteco FC
      ✅ 17 detay oran çekildi
      📊 Toplam 17 oran
   [7/8] Tepatitlan FC vs CD Mineros De Zacatecas
      ✅ 40 detay oran çekildi
      📊 Toplam 47 oran
   [8/8] Deportivo Toluca vs CF Pachuca
      ✅ 260 detay oran çekildi
      📊 Toplam 267 oran

============================================================
📊 FİNAL SONUÇ
   ⚽ Toplam maç: 8
   📊 Toplam oran: 1270
   📊 Ortalama: 158 oran/maç
   ✅ Detaylı: 8
   ⏱️ Süre: 0:03:24.620900
============================================================
   💾 Toplam 372 maç kaydedildi

🎉 İşlem tamamlandı!

📌 GitHub'a yükleyin:
   git add -A
   git commit -m "Oranlar guncellendi"
   git push
[main a658a98] Otomatik oran guncelleme Pzt 04.05.2026  2:03:28,63
 1 file changed, 1185 insertions(+), 9 deletions(-)
To https://github.com/yusufkocbiotek-sketch/iddiayusuf.git
   71b06cf..a658a98  main -> main
TAMAMLANDI 
 
========================================== 
ORAN GUNCELLEME BASLADI 
Tarih Saat: Pzt 04.05.2026  2:10:01,63 
========================================== 
⚽ İddaa Oran Çekici - BUGÜNÜN TÜM MAÇLARI
📅 04/05/2026 02:10
============================================================
🌐 Chrome başlatılıyor...
✅ Chrome başlatıldı!
📡 https://www.iddaa.com/program/futbol?date=04.05.2026
   ⏳ Maçlar yükleniyor (max 30sn)...
   ✅ 8 maç bulundu

🔍 Maç isimleri toplanıyor...
   📋 8 maç bulundu:
      1. America MG vs Crb Al
      2. Avai SC vs Gremio Novo
      3. Mirassol FC SP vs Corinthians
      4. Deportes Limache vs O'Higgins
      5. Xelaju vs CD Marquense
      6. CD Suchitepequez vs Chichicasteco FC
      7. Tepatitlan FC vs CD Mineros De Zacatecas
      8. Deportivo Toluca vs CF Pachuca

🔽 Maçlar tek tek açılıyor...

   [1/8] America MG vs Crb Al
      ✅ 94 detay oran çekildi
      📊 Toplam 101 oran
   [2/8] Avai SC vs Gremio Novo
      ✅ 94 detay oran çekildi
      📊 Toplam 101 oran
   [3/8] Mirassol FC SP vs Corinthians
      ✅ 639 detay oran çekildi
      📊 Toplam 646 oran
   [4/8] Deportes Limache vs O'Higgins
      ✅ 39 detay oran çekildi
      📊 Toplam 46 oran
   [5/8] Xelaju vs CD Marquense
      ✅ 35 detay oran çekildi
      📊 Toplam 42 oran
   [6/8] CD Suchitepequez vs Chichicasteco FC
      ✅ 17 detay oran çekildi
      📊 Toplam 17 oran
   [7/8] Tepatitlan FC vs CD Mineros De Zacatecas
      ✅ 40 detay oran çekildi
      📊 Toplam 47 oran
   [8/8] Deportivo Toluca vs CF Pachuca
      ✅ 260 detay oran çekildi
      📊 Toplam 267 oran

============================================================
📊 FİNAL SONUÇ
   ⚽ Toplam maç: 8
   📊 Toplam oran: 1267
   📊 Ortalama: 158 oran/maç
   ✅ Detaylı: 8
   ⏱️ Süre: 0:03:23.794686
============================================================
   💾 Toplam 372 maç kaydedildi

🎉 İşlem tamamlandı!

📌 GitHub'a yükleyin:
   git add -A
   git commit -m "Oranlar guncellendi"
   git push
[main 7932147] Otomatik oran guncelleme Pzt 04.05.2026  2:13:27,79
 1 file changed, 335 insertions(+), 338 deletions(-)
To https://github.com/yusufkocbiotek-sketch/iddiayusuf.git
   a658a98..7932147  main -> main
TAMAMLANDI 
 
========================================== 
ORAN GUNCELLEME BASLADI 
Tarih Saat: Pzt 04.05.2026  2:20:01,63 
========================================== 
⚽ İddaa Oran Çekici - BUGÜNÜN TÜM MAÇLARI
📅 04/05/2026 02:20
============================================================
🌐 Chrome başlatılıyor...
✅ Chrome başlatıldı!
📡 https://www.iddaa.com/program/futbol?date=04.05.2026
   ⏳ Maçlar yükleniyor (max 30sn)...
   ✅ 8 maç bulundu

🔍 Maç isimleri toplanıyor...
   📋 8 maç bulundu:
      1. America MG vs Crb Al
      2. Avai SC vs Gremio Novo
      3. Mirassol FC SP vs Corinthians
      4. Deportes Limache vs O'Higgins
      5. Xelaju vs CD Marquense
      6. CD Suchitepequez vs Chichicasteco FC
      7. Tepatitlan FC vs CD Mineros De Zacatecas
      8. Deportivo Toluca vs CF Pachuca

🔽 Maçlar tek tek açılıyor...

   [1/8] America MG vs Crb Al
      ✅ 94 detay oran çekildi
      📊 Toplam 101 oran
   [2/8] Avai SC vs Gremio Novo
      ✅ 94 detay oran çekildi
      📊 Toplam 101 oran
   [3/8] Mirassol FC SP vs Corinthians
      ✅ 639 detay oran çekildi
      📊 Toplam 646 oran
   [4/8] Deportes Limache vs O'Higgins
      ✅ 39 detay oran çekildi
      📊 Toplam 46 oran
   [5/8] Xelaju vs CD Marquense
      ✅ 35 detay oran çekildi
      📊 Toplam 42 oran
   [6/8] CD Suchitepequez vs Chichicasteco FC
      ✅ 17 detay oran çekildi
      📊 Toplam 17 oran
   [7/8] Tepatitlan FC vs CD Mineros De Zacatecas
      ✅ 40 detay oran çekildi
      📊 Toplam 47 oran
   [8/8] Deportivo Toluca vs CF Pachuca
      ✅ 260 detay oran çekildi
      📊 Toplam 267 oran

============================================================
📊 FİNAL SONUÇ
   ⚽ Toplam maç: 8
   📊 Toplam oran: 1267
   📊 Ortalama: 158 oran/maç
   ✅ Detaylı: 8
   ⏱️ Süre: 0:03:22.909677
============================================================
   💾 Toplam 372 maç kaydedildi

🎉 İşlem tamamlandı!

📌 GitHub'a yükleyin:
   git add -A
   git commit -m "Oranlar guncellendi"
   git push
[main aeb0519] Otomatik oran guncelleme Pzt 04.05.2026  2:23:26,92
 1 file changed, 320 insertions(+), 320 deletions(-)
To https://github.com/yusufkocbiotek-sketch/iddiayusuf.git
   7932147..aeb0519  main -> main
TAMAMLANDI 
 
========================================== 
ORAN GUNCELLEME BASLADI 
Tarih Saat: Pzt 04.05.2026  2:30:01,63 
========================================== 
⚽ İddaa Oran Çekici - BUGÜNÜN TÜM MAÇLARI
📅 04/05/2026 02:30
============================================================
🌐 Chrome başlatılıyor...
✅ Chrome başlatıldı!
📡 https://www.iddaa.com/program/futbol?date=04.05.2026
   ⏳ Maçlar yükleniyor (max 30sn)...
   ✅ 8 maç bulundu

🔍 Maç isimleri toplanıyor...
   📋 8 maç bulundu:
      1. Deportes Limache vs O'Higgins
      2. Xelaju vs CD Marquense
      3. CD Suchitepequez vs Chichicasteco FC
      4. Tepatitlan FC vs CD Mineros De Zacatecas
      5. Deportivo Toluca vs CF Pachuca
      6. PSM Makassar vs Bhayangkara
      7. Persib Bandung vs Psim Yogyakarta
      8. Wolaita Dicha SC vs Hadiya Hossana FC

🔽 Maçlar tek tek açılıyor...

   [1/8] Deportes Limache vs O'Higgins
      ✅ 39 detay oran çekildi
      📊 Toplam 46 oran
   [2/8] Xelaju vs CD Marquense
      ✅ 35 detay oran çekildi
      📊 Toplam 42 oran
   [3/8] CD Suchitepequez vs Chichicasteco FC
      ✅ 17 detay oran çekildi
      📊 Toplam 17 oran
   [4/8] Tepatitlan FC vs CD Mineros De Zacatecas
      ✅ 40 detay oran çekildi
      📊 Toplam 47 oran
   [5/8] Deportivo Toluca vs CF Pachuca
      ✅ 260 detay oran çekildi
      📊 Toplam 267 oran
   [6/8] PSM Makassar vs Bhayangkara
      ✅ 40 detay oran çekildi
      📊 Toplam 47 oran
   [7/8] Persib Bandung vs Psim Yogyakarta
      ✅ 35 detay oran çekildi
      📊 Toplam 42 oran
   [8/8] Wolaita Dicha SC vs Hadiya Hossana FC
      ✅ 37 detay oran çekildi
      📊 Toplam 37 oran

============================================================
📊 FİNAL SONUÇ
   ⚽ Toplam maç: 8
   📊 Toplam oran: 545
   📊 Ortalama: 68 oran/maç
   ✅ Detaylı: 8
   ⏱️ Süre: 0:03:22.904280
============================================================
   💾 Toplam 375 maç kaydedildi

🎉 İşlem tamamlandı!

📌 GitHub'a yükleyin:
   git add -A
   git commit -m "Oranlar guncellendi"
   git push
[main 9bc8286] Otomatik oran guncelleme Pzt 04.05.2026  2:33:26,93
 1 file changed, 221 insertions(+), 41 deletions(-)
To https://github.com/yusufkocbiotek-sketch/iddiayusuf.git
   aeb0519..9bc8286  main -> main
TAMAMLANDI 
 
========================================== 
ORAN GUNCELLEME BASLADI 
Tarih Saat: Pzt 04.05.2026  2:40:01,63 
========================================== 
⚽ İddaa Oran Çekici - BUGÜNÜN TÜM MAÇLARI
📅 04/05/2026 02:40
============================================================
🌐 Chrome başlatılıyor...
✅ Chrome başlatıldı!
📡 https://www.iddaa.com/program/futbol?date=04.05.2026
   ⏳ Maçlar yükleniyor (max 30sn)...
   ✅ 8 maç bulundu

🔍 Maç isimleri toplanıyor...
   📋 8 maç bulundu:
      1. Deportes Limache vs O'Higgins
      2. Xelaju vs CD Marquense
      3. CD Suchitepequez vs Chichicasteco FC
      4. Tepatitlan FC vs CD Mineros De Zacatecas
      5. Deportivo Toluca vs CF Pachuca
      6. PSM Makassar vs Bhayangkara
      7. Persib Bandung vs Psim Yogyakarta
      8. Wolaita Dicha SC vs Hadiya Hossana FC

🔽 Maçlar tek tek açılıyor...

   [1/8] Deportes Limache vs O'Higgins
      ✅ 39 detay oran çekildi
      📊 Toplam 46 oran
   [2/8] Xelaju vs CD Marquense
      ✅ 35 detay oran çekildi
      📊 Toplam 42 oran
   [3/8] CD Suchitepequez vs Chichicasteco FC
      ✅ 17 detay oran çekildi
      📊 Toplam 17 oran
   [4/8] Tepatitlan FC vs CD Mineros De Zacatecas
      ✅ 40 detay oran çekildi
      📊 Toplam 47 oran
   [5/8] Deportivo Toluca vs CF Pachuca
      ✅ 260 detay oran çekildi
      📊 Toplam 267 oran
   [6/8] PSM Makassar vs Bhayangkara
      ✅ 40 detay oran çekildi
      📊 Toplam 47 oran
   [7/8] Persib Bandung vs Psim Yogyakarta
      ✅ 35 detay oran çekildi
      📊 Toplam 42 oran
   [8/8] Wolaita Dicha SC vs Hadiya Hossana FC
      ✅ 37 detay oran çekildi
      📊 Toplam 37 oran

============================================================
📊 FİNAL SONUÇ
   ⚽ Toplam maç: 8
   📊 Toplam oran: 545
   📊 Ortalama: 68 oran/maç
   ✅ Detaylı: 8
   ⏱️ Süre: 0:03:22.766397
============================================================
   💾 Toplam 375 maç kaydedildi

🎉 İşlem tamamlandı!

📌 GitHub'a yükleyin:
   git add -A
   git commit -m "Oranlar guncellendi"
   git push
[main fe68ece] Otomatik oran guncelleme Pzt 04.05.2026  2:43:26,78
 1 file changed, 87 insertions(+), 87 deletions(-)
To https://github.com/yusufkocbiotek-sketch/iddiayusuf.git
   9bc8286..fe68ece  main -> main
TAMAMLANDI 
 
========================================== 
ORAN GUNCELLEME BASLADI 
Tarih Saat: Pzt 04.05.2026  2:50:01,62 
========================================== 
⚽ İddaa Oran Çekici - BUGÜNÜN TÜM MAÇLARI
📅 04/05/2026 02:50
============================================================
🌐 Chrome başlatılıyor...
✅ Chrome başlatıldı!
📡 https://www.iddaa.com/program/futbol?date=04.05.2026
   ⏳ Maçlar yükleniyor (max 30sn)...
   ✅ 8 maç bulundu

🔍 Maç isimleri toplanıyor...
   📋 8 maç bulundu:
      1. Deportes Limache vs O'Higgins
      2. Xelaju vs CD Marquense
      3. CD Suchitepequez vs Chichicasteco FC
      4. Tepatitlan FC vs CD Mineros De Zacatecas
      5. Deportivo Toluca vs CF Pachuca
      6. PSM Makassar vs Bhayangkara
      7. Persib Bandung vs Psim Yogyakarta
      8. Wolaita Dicha SC vs Hadiya Hossana FC

🔽 Maçlar tek tek açılıyor...

   [1/8] Deportes Limache vs O'Higgins
      ✅ 39 detay oran çekildi
      📊 Toplam 46 oran
   [2/8] Xelaju vs CD Marquense
      ✅ 35 detay oran çekildi
      📊 Toplam 42 oran
   [3/8] CD Suchitepequez vs Chichicasteco FC
      ✅ 17 detay oran çekildi
      📊 Toplam 17 oran
   [4/8] Tepatitlan FC vs CD Mineros De Zacatecas
      ✅ 40 detay oran çekildi
      📊 Toplam 47 oran
   [5/8] Deportivo Toluca vs CF Pachuca
      ✅ 260 detay oran çekildi
      📊 Toplam 267 oran
   [6/8] PSM Makassar vs Bhayangkara
      ✅ 40 detay oran çekildi
      📊 Toplam 47 oran
   [7/8] Persib Bandung vs Psim Yogyakarta
      ✅ 35 detay oran çekildi
      📊 Toplam 42 oran
   [8/8] Wolaita Dicha SC vs Hadiya Hossana FC
      ✅ 37 detay oran çekildi
      📊 Toplam 37 oran

============================================================
📊 FİNAL SONUÇ
   ⚽ Toplam maç: 8
   📊 Toplam oran: 545
   📊 Ortalama: 68 oran/maç
   ✅ Detaylı: 8
   ⏱️ Süre: 0:03:22.453926
============================================================
   💾 Toplam 375 maç kaydedildi

🎉 İşlem tamamlandı!

📌 GitHub'a yükleyin:
   git add -A
   git commit -m "Oranlar guncellendi"
   git push
[main 515e2aa] Otomatik oran guncelleme Pzt 04.05.2026  2:53:26,45
 1 file changed, 202 insertions(+), 202 deletions(-)
To https://github.com/yusufkocbiotek-sketch/iddiayusuf.git
   fe68ece..515e2aa  main -> main
TAMAMLANDI 
 
========================================== 
ORAN GUNCELLEME BASLADI 
Tarih Saat: Pzt 04.05.2026  3:00:01,63 
========================================== 
⚽ İddaa Oran Çekici - BUGÜNÜN TÜM MAÇLARI
📅 04/05/2026 03:00
============================================================
🌐 Chrome başlatılıyor...
✅ Chrome başlatıldı!
📡 https://www.iddaa.com/program/futbol?date=04.05.2026
   ⏳ Maçlar yükleniyor (max 30sn)...
   ✅ 8 maç bulundu

🔍 Maç isimleri toplanıyor...
   📋 8 maç bulundu:
      1. Xelaju vs CD Marquense
      2. CD Suchitepequez vs Chichicasteco FC
      3. Tepatitlan FC vs CD Mineros De Zacatecas
      4. Deportivo Toluca vs CF Pachuca
      5. PSM Makassar vs Bhayangkara
      6. Persib Bandung vs Psim Yogyakarta
      7. Wolaita Dicha SC vs Hadiya Hossana FC
      8. Persijap Jepara vs Persija Jakarta

🔽 Maçlar tek tek açılıyor...

   [1/8] Xelaju vs CD Marquense
      ✅ 35 detay oran çekildi
      📊 Toplam 42 oran
   [2/8] CD Suchitepequez vs Chichicasteco FC
      ✅ 17 detay oran çekildi
      📊 Toplam 17 oran
   [3/8] Tepatitlan FC vs CD Mineros De Zacatecas
      ✅ 40 detay oran çekildi
      📊 Toplam 47 oran
   [4/8] Deportivo Toluca vs CF Pachuca
      ✅ 260 detay oran çekildi
      📊 Toplam 267 oran
   [5/8] PSM Makassar vs Bhayangkara
      ✅ 40 detay oran çekildi
      📊 Toplam 47 oran
   [6/8] Persib Bandung vs Psim Yogyakarta
      ✅ 35 detay oran çekildi
      📊 Toplam 42 oran
   [7/8] Wolaita Dicha SC vs Hadiya Hossana FC
      ✅ 37 detay oran çekildi
      📊 Toplam 37 oran
   [8/8] Persijap Jepara vs Persija Jakarta
      ✅ 38 detay oran çekildi
      📊 Toplam 45 oran

============================================================
📊 FİNAL SONUÇ
   ⚽ Toplam maç: 8
   📊 Toplam oran: 544
   📊 Ortalama: 68 oran/maç
   ✅ Detaylı: 8
   ⏱️ Süre: 0:03:23.094272
============================================================
   💾 Toplam 376 maç kaydedildi

🎉 İşlem tamamlandı!

📌 GitHub'a yükleyin:
   git add -A
   git commit -m "Oranlar guncellendi"
   git push
[main 1db53ba] Otomatik oran guncelleme Pzt 04.05.2026  3:03:27,11
 1 file changed, 77 insertions(+), 14 deletions(-)
To https://github.com/yusufkocbiotek-sketch/iddiayusuf.git
   515e2aa..1db53ba  main -> main
TAMAMLANDI 
 
========================================== 
ORAN GUNCELLEME BASLADI 
Tarih Saat: Pzt 04.05.2026  3:10:01,62 
========================================== 
⚽ İddaa Oran Çekici - BUGÜNÜN TÜM MAÇLARI
📅 04/05/2026 03:10
============================================================
🌐 Chrome başlatılıyor...
✅ Chrome başlatıldı!
📡 https://www.iddaa.com/program/futbol?date=04.05.2026
   ⏳ Maçlar yükleniyor (max 30sn)...
   ✅ 8 maç bulundu

🔍 Maç isimleri toplanıyor...
   📋 8 maç bulundu:
      1. Xelaju vs CD Marquense
      2. CD Suchitepequez vs Chichicasteco FC
      3. Tepatitlan FC vs CD Mineros De Zacatecas
      4. Deportivo Toluca vs CF Pachuca
      5. PSM Makassar vs Bhayangkara
      6. Persib Bandung vs Psim Yogyakarta
      7. Wolaita Dicha SC vs Hadiya Hossana FC
      8. Persijap Jepara vs Persija Jakarta

🔽 Maçlar tek tek açılıyor...

   [1/8] Xelaju vs CD Marquense
      ✅ 35 detay oran çekildi
      📊 Toplam 42 oran
   [2/8] CD Suchitepequez vs Chichicasteco FC
      ✅ 17 detay oran çekildi
      📊 Toplam 17 oran
   [3/8] Tepatitlan FC vs CD Mineros De Zacatecas
      ✅ 40 detay oran çekildi
      📊 Toplam 47 oran
   [4/8] Deportivo Toluca vs CF Pachuca
      ✅ 260 detay oran çekildi
      📊 Toplam 267 oran
   [5/8] PSM Makassar vs Bhayangkara
      ✅ 40 detay oran çekildi
      📊 Toplam 47 oran
   [6/8] Persib Bandung vs Psim Yogyakarta
      ✅ 35 detay oran çekildi
      📊 Toplam 42 oran
   [7/8] Wolaita Dicha SC vs Hadiya Hossana FC
      ✅ 37 detay oran çekildi
      📊 Toplam 37 oran
   [8/8] Persijap Jepara vs Persija Jakarta
      ✅ 38 detay oran çekildi
      📊 Toplam 45 oran

============================================================
📊 FİNAL SONUÇ
   ⚽ Toplam maç: 8
   📊 Toplam oran: 544
   📊 Ortalama: 68 oran/maç
   ✅ Detaylı: 8
   ⏱️ Süre: 0:03:23.363819
============================================================
   💾 Toplam 376 maç kaydedildi

🎉 İşlem tamamlandı!

📌 GitHub'a yükleyin:
   git add -A
   git commit -m "Oranlar guncellendi"
   git push
[main 1070246] Otomatik oran guncelleme Pzt 04.05.2026  3:13:27,36
 1 file changed, 9 insertions(+), 9 deletions(-)
To https://github.com/yusufkocbiotek-sketch/iddiayusuf.git
   1db53ba..1070246  main -> main
TAMAMLANDI 
 
========================================== 
ORAN GUNCELLEME BASLADI 
Tarih Saat: Pzt 04.05.2026  3:20:01,63 
========================================== 
⚽ İddaa Oran Çekici - BUGÜNÜN TÜM MAÇLARI
📅 04/05/2026 03:20
============================================================
🌐 Chrome başlatılıyor...
✅ Chrome başlatıldı!
📡 https://www.iddaa.com/program/futbol?date=04.05.2026
   ⏳ Maçlar yükleniyor (max 30sn)...
   ✅ 8 maç bulundu

🔍 Maç isimleri toplanıyor...
   📋 8 maç bulundu:
      1. Xelaju vs CD Marquense
      2. CD Suchitepequez vs Chichicasteco FC
      3. Tepatitlan FC vs CD Mineros De Zacatecas
      4. Deportivo Toluca vs CF Pachuca
      5. PSM Makassar vs Bhayangkara
      6. Persib Bandung vs Psim Yogyakarta
      7. Wolaita Dicha SC vs Hadiya Hossana FC
      8. Persijap Jepara vs Persija Jakarta

🔽 Maçlar tek tek açılıyor...

   [1/8] Xelaju vs CD Marquense
      ✅ 35 detay oran çekildi
      📊 Toplam 42 oran
   [2/8] CD Suchitepequez vs Chichicasteco FC
      ✅ 17 detay oran çekildi
      📊 Toplam 17 oran
   [3/8] Tepatitlan FC vs CD Mineros De Zacatecas
      ✅ 40 detay oran çekildi
      📊 Toplam 47 oran
   [4/8] Deportivo Toluca vs CF Pachuca
      ✅ 260 detay oran çekildi
      📊 Toplam 267 oran
   [5/8] PSM Makassar vs Bhayangkara
      ✅ 40 detay oran çekildi
      📊 Toplam 47 oran
   [6/8] Persib Bandung vs Psim Yogyakarta
      ✅ 35 detay oran çekildi
      📊 Toplam 42 oran
   [7/8] Wolaita Dicha SC vs Hadiya Hossana FC
      ✅ 37 detay oran çekildi
      📊 Toplam 37 oran
   [8/8] Persijap Jepara vs Persija Jakarta
      ✅ 38 detay oran çekildi
      📊 Toplam 45 oran

============================================================
📊 FİNAL SONUÇ
   ⚽ Toplam maç: 8
   📊 Toplam oran: 544
   📊 Ortalama: 68 oran/maç
   ✅ Detaylı: 8
   ⏱️ Süre: 0:03:23.925055
============================================================
   💾 Toplam 376 maç kaydedildi

🎉 İşlem tamamlandı!

📌 GitHub'a yükleyin:
   git add -A
   git commit -m "Oranlar guncellendi"
   git push
[main 41a6326] Otomatik oran guncelleme Pzt 04.05.2026  3:23:27,91
 1 file changed, 42 insertions(+), 42 deletions(-)
To https://github.com/yusufkocbiotek-sketch/iddiayusuf.git
   1070246..41a6326  main -> main
TAMAMLANDI 
 
========================================== 
ORAN GUNCELLEME BASLADI 
Tarih Saat: Pzt 04.05.2026  3:30:01,62 
========================================== 
⚽ İddaa Oran Çekici - BUGÜNÜN TÜM MAÇLARI
📅 04/05/2026 03:30
============================================================
🌐 Chrome başlatılıyor...
✅ Chrome başlatıldı!
📡 https://www.iddaa.com/program/futbol?date=04.05.2026
   ⏳ Maçlar yükleniyor (max 30sn)...
   ✅ 8 maç bulundu

🔍 Maç isimleri toplanıyor...
   📋 8 maç bulundu:
      1. Xelaju vs CD Marquense
      2. CD Suchitepequez vs Chichicasteco FC
      3. Tepatitlan FC vs CD Mineros De Zacatecas
      4. Deportivo Toluca vs CF Pachuca
      5. PSM Makassar vs Bhayangkara
      6. Persib Bandung vs Psim Yogyakarta
      7. Wolaita Dicha SC vs Hadiya Hossana FC
      8. Persijap Jepara vs Persija Jakarta

🔽 Maçlar tek tek açılıyor...

   [1/8] Xelaju vs CD Marquense
      ✅ 35 detay oran çekildi
      📊 Toplam 42 oran
   [2/8] CD Suchitepequez vs Chichicasteco FC
      ✅ 17 detay oran çekildi
      📊 Toplam 17 oran
   [3/8] Tepatitlan FC vs CD Mineros De Zacatecas
      ✅ 40 detay oran çekildi
      📊 Toplam 47 oran
   [4/8] Deportivo Toluca vs CF Pachuca
      ✅ 263 detay oran çekildi
      📊 Toplam 270 oran
   [5/8] PSM Makassar vs Bhayangkara
      ✅ 40 detay oran çekildi
      📊 Toplam 47 oran
   [6/8] Persib Bandung vs Psim Yogyakarta
      ✅ 35 detay oran çekildi
      📊 Toplam 42 oran
   [7/8] Wolaita Dicha SC vs Hadiya Hossana FC
      ✅ 37 detay oran çekildi
      📊 Toplam 37 oran
   [8/8] Persijap Jepara vs Persija Jakarta
      ✅ 38 detay oran çekildi
      📊 Toplam 45 oran

============================================================
📊 FİNAL SONUÇ
   ⚽ Toplam maç: 8
   📊 Toplam oran: 547
   📊 Ortalama: 68 oran/maç
   ✅ Detaylı: 8
   ⏱️ Süre: 0:03:22.676056
============================================================
   💾 Toplam 376 maç kaydedildi

🎉 İşlem tamamlandı!

📌 GitHub'a yükleyin:
   git add -A
   git commit -m "Oranlar guncellendi"
   git push
[main ed94b69] Otomatik oran guncelleme Pzt 04.05.2026  3:33:26,67
 1 file changed, 200 insertions(+), 197 deletions(-)
To https://github.com/yusufkocbiotek-sketch/iddiayusuf.git
   41a6326..ed94b69  main -> main
TAMAMLANDI 
 
========================================== 
ORAN GUNCELLEME BASLADI 
Tarih Saat: Pzt 04.05.2026  3:40:01,64 
========================================== 
⚽ İddaa Oran Çekici - BUGÜNÜN TÜM MAÇLARI
📅 04/05/2026 03:40
============================================================
🌐 Chrome başlatılıyor...
✅ Chrome başlatıldı!
📡 https://www.iddaa.com/program/futbol?date=04.05.2026
   ⏳ Maçlar yükleniyor (max 30sn)...
   ✅ 8 maç bulundu

🔍 Maç isimleri toplanıyor...
   📋 8 maç bulundu:
      1. Xelaju vs CD Marquense
      2. CD Suchitepequez vs Chichicasteco FC
      3. Tepatitlan FC vs CD Mineros De Zacatecas
      4. Deportivo Toluca vs CF Pachuca
      5. PSM Makassar vs Bhayangkara
      6. Persib Bandung vs Psim Yogyakarta
      7. Wolaita Dicha SC vs Hadiya Hossana FC
      8. Persijap Jepara vs Persija Jakarta

🔽 Maçlar tek tek açılıyor...

   [1/8] Xelaju vs CD Marquense
      ✅ 34 detay oran çekildi
      📊 Toplam 41 oran
   [2/8] CD Suchitepequez vs Chichicasteco FC
      ✅ 17 detay oran çekildi
      📊 Toplam 17 oran
   [3/8] Tepatitlan FC vs CD Mineros De Zacatecas
      ✅ 40 detay oran çekildi
      📊 Toplam 47 oran
   [4/8] Deportivo Toluca vs CF Pachuca
      ✅ 263 detay oran çekildi
      📊 Toplam 270 oran
   [5/8] PSM Makassar vs Bhayangkara
      ✅ 40 detay oran çekildi
      📊 Toplam 47 oran
   [6/8] Persib Bandung vs Psim Yogyakarta
      ✅ 35 detay oran çekildi
      📊 Toplam 42 oran
   [7/8] Wolaita Dicha SC vs Hadiya Hossana FC
      ✅ 37 detay oran çekildi
      📊 Toplam 37 oran
   [8/8] Persijap Jepara vs Persija Jakarta
      ✅ 38 detay oran çekildi
      📊 Toplam 45 oran

============================================================
📊 FİNAL SONUÇ
   ⚽ Toplam maç: 8
   📊 Toplam oran: 546
   📊 Ortalama: 68 oran/maç
   ✅ Detaylı: 8
   ⏱️ Süre: 0:03:22.763531
============================================================
   💾 Toplam 376 maç kaydedildi

🎉 İşlem tamamlandı!

📌 GitHub'a yükleyin:
   git add -A
   git commit -m "Oranlar guncellendi"
   git push
[main 10a7b94] Otomatik oran guncelleme Pzt 04.05.2026  3:43:26,78
 1 file changed, 198 insertions(+), 199 deletions(-)
To https://github.com/yusufkocbiotek-sketch/iddiayusuf.git
   ed94b69..10a7b94  main -> main
TAMAMLANDI 
 
========================================== 
ORAN GUNCELLEME BASLADI 
Tarih Saat: Pzt 04.05.2026  3:50:01,64 
========================================== 
⚽ İddaa Oran Çekici - BUGÜNÜN TÜM MAÇLARI
📅 04/05/2026 03:50
============================================================
🌐 Chrome başlatılıyor...
✅ Chrome başlatıldı!
📡 https://www.iddaa.com/program/futbol?date=04.05.2026
   ⏳ Maçlar yükleniyor (max 30sn)...
   ✅ 8 maç bulundu

🔍 Maç isimleri toplanıyor...
   📋 8 maç bulundu:
      1. Xelaju vs CD Marquense
      2. CD Suchitepequez vs Chichicasteco FC
      3. Tepatitlan FC vs CD Mineros De Zacatecas
      4. Deportivo Toluca vs CF Pachuca
      5. PSM Makassar vs Bhayangkara
      6. Persib Bandung vs Psim Yogyakarta
      7. Wolaita Dicha SC vs Hadiya Hossana FC
      8. Persijap Jepara vs Persija Jakarta

🔽 Maçlar tek tek açılıyor...

   [1/8] Xelaju vs CD Marquense
      ✅ 34 detay oran çekildi
      📊 Toplam 41 oran
   [2/8] CD Suchitepequez vs Chichicasteco FC
      ✅ 17 detay oran çekildi
      📊 Toplam 17 oran
   [3/8] Tepatitlan FC vs CD Mineros De Zacatecas
      ✅ 40 detay oran çekildi
      📊 Toplam 47 oran
   [4/8] Deportivo Toluca vs CF Pachuca
      ✅ 263 detay oran çekildi
      📊 Toplam 270 oran
   [5/8] PSM Makassar vs Bhayangkara
      ✅ 40 detay oran çekildi
      📊 Toplam 47 oran
   [6/8] Persib Bandung vs Psim Yogyakarta
      ✅ 35 detay oran çekildi
      📊 Toplam 42 oran
   [7/8] Wolaita Dicha SC vs Hadiya Hossana FC
      ✅ 37 detay oran çekildi
      📊 Toplam 37 oran
   [8/8] Persijap Jepara vs Persija Jakarta
      ✅ 38 detay oran çekildi
      📊 Toplam 45 oran

============================================================
📊 FİNAL SONUÇ
   ⚽ Toplam maç: 8
   📊 Toplam oran: 546
   📊 Ortalama: 68 oran/maç
   ✅ Detaylı: 8
   ⏱️ Süre: 0:03:22.645891
============================================================
   💾 Toplam 376 maç kaydedildi

🎉 İşlem tamamlandı!

📌 GitHub'a yükleyin:
   git add -A
   git commit -m "Oranlar guncellendi"
   git push
[main bc689ea] Otomatik oran guncelleme Pzt 04.05.2026  3:53:26,67
 1 file changed, 140 insertions(+), 140 deletions(-)
To https://github.com/yusufkocbiotek-sketch/iddiayusuf.git
   10a7b94..bc689ea  main -> main
TAMAMLANDI 
 
========================================== 
ORAN GUNCELLEME BASLADI 
Tarih Saat: Pzt 04.05.2026  4:00:01,63 
========================================== 
⚽ İddaa Oran Çekici - BUGÜNÜN TÜM MAÇLARI
📅 04/05/2026 04:00
============================================================
🌐 Chrome başlatılıyor...
✅ Chrome başlatıldı!
📡 https://www.iddaa.com/program/futbol?date=04.05.2026
   ⏳ Maçlar yükleniyor (max 30sn)...
   ✅ 9 maç bulundu

🔍 Maç isimleri toplanıyor...
   📋 9 maç bulundu:
      1. Tepatitlan FC vs CD Mineros De Zacatecas
      2. Deportivo Toluca vs CF Pachuca
      3. PSM Makassar vs Bhayangkara
      4. Persib Bandung vs Psim Yogyakarta
      5. Wolaita Dicha SC vs Hadiya Hossana FC
      6. Persijap Jepara vs Persija Jakarta
      7. Aston Villa (K) vs West Ham United (K)
      8. Huddersfield Town U21 vs Bournemouth U21
      9. Peterborough United U21 vs Nottingham Forest U21

🔽 Maçlar tek tek açılıyor...

   [1/9] Tepatitlan FC vs CD Mineros De Zacatecas
      ✅ 40 detay oran çekildi
      📊 Toplam 47 oran
   [2/9] Deportivo Toluca vs CF Pachuca
      ✅ 263 detay oran çekildi
      📊 Toplam 270 oran
   [3/9] PSM Makassar vs Bhayangkara
      ✅ 40 detay oran çekildi
      📊 Toplam 47 oran
   [4/9] Persib Bandung vs Psim Yogyakarta
      ✅ 35 detay oran çekildi
      📊 Toplam 42 oran
   [5/9] Wolaita Dicha SC vs Hadiya Hossana FC
      ✅ 37 detay oran çekildi
      📊 Toplam 37 oran
   [6/9] Persijap Jepara vs Persija Jakarta
      ✅ 38 detay oran çekildi
      📊 Toplam 45 oran
   [7/9] Aston Villa (K) vs West Ham United (K)
      ✅ 40 detay oran çekildi
      📊 Toplam 47 oran
   [8/9] Huddersfield Town U21 vs Bournemouth U21
      ✅ 40 detay oran çekildi
      📊 Toplam 40 oran
   [9/9] Peterborough United U21 vs Nottingham Forest U21
      ✅ 40 detay oran çekildi
      📊 Toplam 40 oran

============================================================
📊 FİNAL SONUÇ
   ⚽ Toplam maç: 9
   📊 Toplam oran: 615
   📊 Ortalama: 68 oran/maç
   ✅ Detaylı: 9
   ⏱️ Süre: 0:03:48.406059
============================================================
   💾 Toplam 379 maç kaydedildi

🎉 İşlem tamamlandı!

📌 GitHub'a yükleyin:
   git add -A
   git commit -m "Oranlar guncellendi"
   git push
[main 1d942c4] Otomatik oran guncelleme Pzt 04.05.2026  4:03:52,41
 1 file changed, 220 insertions(+), 39 deletions(-)
To https://github.com/yusufkocbiotek-sketch/iddiayusuf.git
   bc689ea..1d942c4  main -> main
TAMAMLANDI 
 
========================================== 
ORAN GUNCELLEME BASLADI 
Tarih Saat: Pzt 04.05.2026  4:10:01,63 
========================================== 
⚽ İddaa Oran Çekici - BUGÜNÜN TÜM MAÇLARI
📅 04/05/2026 04:10
============================================================
🌐 Chrome başlatılıyor...
✅ Chrome başlatıldı!
📡 https://www.iddaa.com/program/futbol?date=04.05.2026
   ⏳ Maçlar yükleniyor (max 30sn)...
   ✅ 10 maç bulundu

🔍 Maç isimleri toplanıyor...
   📋 10 maç bulundu:
      1. Deportivo Toluca vs CF Pachuca
      2. PSM Makassar vs Bhayangkara
      3. Persib Bandung vs Psim Yogyakarta
      4. Wolaita Dicha SC vs Hadiya Hossana FC
      5. Persijap Jepara vs Persija Jakarta
      6. Aston Villa (K) vs West Ham United (K)
      7. Huddersfield Town U21 vs Bournemouth U21
      8. Peterborough United U21 vs Nottingham Forest U21
      9. Defence Force FC vs Adama City FC
      10. Hawassa Kenema SC vs Sheger Ketema

🔽 Maçlar tek tek açılıyor...

   [1/10] Deportivo Toluca vs CF Pachuca
      ✅ 263 detay oran çekildi
      📊 Toplam 270 oran
   [2/10] PSM Makassar vs Bhayangkara
      ✅ 40 detay oran çekildi
      📊 Toplam 47 oran
   [3/10] Persib Bandung vs Psim Yogyakarta
      ✅ 35 detay oran çekildi
      📊 Toplam 42 oran
   [4/10] Wolaita Dicha SC vs Hadiya Hossana FC
      ✅ 37 detay oran çekildi
      📊 Toplam 37 oran
   [5/10] Persijap Jepara vs Persija Jakarta
      ✅ 38 detay oran çekildi
      📊 Toplam 45 oran
   [6/10] Aston Villa (K) vs West Ham United (K)
      ✅ 40 detay oran çekildi
      📊 Toplam 47 oran
   [7/10] Huddersfield Town U21 vs Bournemouth U21
      ✅ 40 detay oran çekildi
      📊 Toplam 40 oran
   [8/10] Peterborough United U21 vs Nottingham Forest U21
      ✅ 40 detay oran çekildi
      📊 Toplam 40 oran
   [9/10] Defence Force FC vs Adama City FC
      ✅ 38 detay oran çekildi
      📊 Toplam 38 oran
   [10/10] Hawassa Kenema SC vs Sheger Ketema
      ✅ 38 detay oran çekildi
      📊 Toplam 38 oran
   💾 Toplam 381 maç kaydedildi
   💾 10 maç kaydedildi (✅10 ❌0)

============================================================
📊 FİNAL SONUÇ
   ⚽ Toplam maç: 10
   📊 Toplam oran: 644
   📊 Ortalama: 64 oran/maç
   ✅ Detaylı: 10
   ⏱️ Süre: 0:04:13.038461
============================================================
   💾 Toplam 381 maç kaydedildi

🎉 İşlem tamamlandı!

📌 GitHub'a yükleyin:
   git add -A
   git commit -m "Oranlar guncellendi"
   git push
[main ffb5e01] Otomatik oran guncelleme Pzt 04.05.2026  4:14:17,05
 1 file changed, 127 insertions(+), 15 deletions(-)
To https://github.com/yusufkocbiotek-sketch/iddiayusuf.git
   1d942c4..ffb5e01  main -> main
TAMAMLANDI 
 
========================================== 
ORAN GUNCELLEME BASLADI 
Tarih Saat: Pzt 04.05.2026  4:20:01,63 
========================================== 
⚽ İddaa Oran Çekici - BUGÜNÜN TÜM MAÇLARI
📅 04/05/2026 04:20
============================================================
🌐 Chrome başlatılıyor...
✅ Chrome başlatıldı!
📡 https://www.iddaa.com/program/futbol?date=04.05.2026
   ⏳ Maçlar yükleniyor (max 30sn)...
   ✅ 9 maç bulundu

🔍 Maç isimleri toplanıyor...
   📋 9 maç bulundu:
      1. PSM Makassar vs Bhayangkara
      2. Persib Bandung vs Psim Yogyakarta
      3. Wolaita Dicha SC vs Hadiya Hossana FC
      4. Persijap Jepara vs Persija Jakarta
      5. Aston Villa (K) vs West Ham United (K)
      6. Huddersfield Town U21 vs Bournemouth U21
      7. Peterborough United U21 vs Nottingham Forest U21
      8. Defence Force FC vs Adama City FC
      9. Hawassa Kenema SC vs Sheger Ketema

🔽 Maçlar tek tek açılıyor...

   [1/9] PSM Makassar vs Bhayangkara
      ✅ 40 detay oran çekildi
      📊 Toplam 47 oran
   [2/9] Persib Bandung vs Psim Yogyakarta
      ✅ 35 detay oran çekildi
      📊 Toplam 42 oran
   [3/9] Wolaita Dicha SC vs Hadiya Hossana FC
      ✅ 37 detay oran çekildi
      📊 Toplam 37 oran
   [4/9] Persijap Jepara vs Persija Jakarta
      ✅ 38 detay oran çekildi
      📊 Toplam 45 oran
   [5/9] Aston Villa (K) vs West Ham United (K)
      ✅ 40 detay oran çekildi
      📊 Toplam 47 oran
   [6/9] Huddersfield Town U21 vs Bournemouth U21
      ✅ 40 detay oran çekildi
      📊 Toplam 40 oran
   [7/9] Peterborough United U21 vs Nottingham Forest U21
      ✅ 40 detay oran çekildi
      📊 Toplam 40 oran
   [8/9] Defence Force FC vs Adama City FC
      ✅ 38 detay oran çekildi
      📊 Toplam 38 oran
   [9/9] Hawassa Kenema SC vs Sheger Ketema
      ✅ 38 detay oran çekildi
      📊 Toplam 38 oran

============================================================
📊 FİNAL SONUÇ
   ⚽ Toplam maç: 9
   📊 Toplam oran: 374
   📊 Ortalama: 41 oran/maç
   ✅ Detaylı: 9
   ⏱️ Süre: 0:03:48.372673
============================================================
   💾 Toplam 381 maç kaydedildi

🎉 İşlem tamamlandı!

📌 GitHub'a yükleyin:
   git add -A
   git commit -m "Oranlar guncellendi"
   git push
[main b6eda3d] Otomatik oran guncelleme Pzt 04.05.2026  4:23:52,36
 1 file changed, 41 insertions(+), 41 deletions(-)
To https://github.com/yusufkocbiotek-sketch/iddiayusuf.git
   ffb5e01..b6eda3d  main -> main
TAMAMLANDI 
 
========================================== 
ORAN GUNCELLEME BASLADI 
Tarih Saat: Pzt 04.05.2026  4:30:01,64 
========================================== 
⚽ İddaa Oran Çekici - BUGÜNÜN TÜM MAÇLARI
📅 04/05/2026 04:30
============================================================
🌐 Chrome başlatılıyor...
✅ Chrome başlatıldı!
📡 https://www.iddaa.com/program/futbol?date=04.05.2026
   ⏳ Maçlar yükleniyor (max 30sn)...
   ✅ 10 maç bulundu

🔍 Maç isimleri toplanıyor...
   📋 10 maç bulundu:
      1. PSM Makassar vs Bhayangkara
      2. Persib Bandung vs Psim Yogyakarta
      3. Wolaita Dicha SC vs Hadiya Hossana FC
      4. Mashujaa FC vs Tabora United FC
      5. Persijap Jepara vs Persija Jakarta
      6. Aston Villa (K) vs West Ham United (K)
      7. Huddersfield Town U21 vs Bournemouth U21
      8. Peterborough United U21 vs Nottingham Forest U21
      9. Defence Force FC vs Adama City FC
      10. Hawassa Kenema SC vs Sheger Ketema

🔽 Maçlar tek tek açılıyor...

   [1/10] PSM Makassar vs Bhayangkara
      ✅ 40 detay oran çekildi
      📊 Toplam 47 oran
   [2/10] Persib Bandung vs Psim Yogyakarta
      ✅ 35 detay oran çekildi
      📊 Toplam 42 oran
   [3/10] Wolaita Dicha SC vs Hadiya Hossana FC
      ✅ 37 detay oran çekildi
      📊 Toplam 37 oran
   [4/10] Mashujaa FC vs Tabora United FC
      ✅ 38 detay oran çekildi
      📊 Toplam 38 oran
   [5/10] Persijap Jepara vs Persija Jakarta
      ✅ 38 detay oran çekildi
      📊 Toplam 45 oran
   [6/10] Aston Villa (K) vs West Ham United (K)
      ✅ 40 detay oran çekildi
      📊 Toplam 47 oran
   [7/10] Huddersfield Town U21 vs Bournemouth U21
      ✅ 40 detay oran çekildi
      📊 Toplam 40 oran
   [8/10] Peterborough United U21 vs Nottingham Forest U21
      ✅ 40 detay oran çekildi
      📊 Toplam 40 oran
   [9/10] Defence Force FC vs Adama City FC
      ✅ 38 detay oran çekildi
      📊 Toplam 38 oran
   [10/10] Hawassa Kenema SC vs Sheger Ketema
      ✅ 38 detay oran çekildi
      📊 Toplam 38 oran
   💾 Toplam 382 maç kaydedildi
   💾 10 maç kaydedildi (✅10 ❌0)

============================================================
📊 FİNAL SONUÇ
   ⚽ Toplam maç: 10
   📊 Toplam oran: 412
   📊 Ortalama: 41 oran/maç
   ✅ Detaylı: 10
   ⏱️ Süre: 0:04:14.107982
============================================================
   💾 Toplam 382 maç kaydedildi

🎉 İşlem tamamlandı!

📌 GitHub'a yükleyin:
   git add -A
   git commit -m "Oranlar guncellendi"
   git push
[main a625ff1] Otomatik oran guncelleme Pzt 04.05.2026  4:34:18,11
 1 file changed, 142 insertions(+), 86 deletions(-)
To https://github.com/yusufkocbiotek-sketch/iddiayusuf.git
   b6eda3d..a625ff1  main -> main
TAMAMLANDI 
 
========================================== 
ORAN GUNCELLEME BASLADI 
Tarih Saat: Pzt 04.05.2026  4:40:01,64 
========================================== 
⚽ İddaa Oran Çekici - BUGÜNÜN TÜM MAÇLARI
📅 04/05/2026 04:40
============================================================
🌐 Chrome başlatılıyor...
✅ Chrome başlatıldı!
📡 https://www.iddaa.com/program/futbol?date=04.05.2026
   ⏳ Maçlar yükleniyor (max 30sn)...
   ✅ 10 maç bulundu

🔍 Maç isimleri toplanıyor...
   📋 10 maç bulundu:
      1. PSM Makassar vs Bhayangkara
      2. Persib Bandung vs Psim Yogyakarta
      3. Wolaita Dicha SC vs Hadiya Hossana FC
      4. Mashujaa FC vs Tabora United FC
      5. Persijap Jepara vs Persija Jakarta
      6. Aston Villa (K) vs West Ham United (K)
      7. Huddersfield Town U21 vs Bournemouth U21
      8. Peterborough United U21 vs Nottingham Forest U21
      9. Defence Force FC vs Adama City FC
      10. Hawassa Kenema SC vs Sheger Ketema

🔽 Maçlar tek tek açılıyor...

   [1/10] PSM Makassar vs Bhayangkara
      ✅ 40 detay oran çekildi
      📊 Toplam 47 oran
   [2/10] Persib Bandung vs Psim Yogyakarta
      ✅ 35 detay oran çekildi
      📊 Toplam 42 oran
   [3/10] Wolaita Dicha SC vs Hadiya Hossana FC
      ✅ 37 detay oran çekildi
      📊 Toplam 37 oran
   [4/10] Mashujaa FC vs Tabora United FC
      ✅ 38 detay oran çekildi
      📊 Toplam 38 oran
   [5/10] Persijap Jepara vs Persija Jakarta
      ✅ 38 detay oran çekildi
      📊 Toplam 45 oran
   [6/10] Aston Villa (K) vs West Ham United (K)
      ✅ 40 detay oran çekildi
      📊 Toplam 47 oran
   [7/10] Huddersfield Town U21 vs Bournemouth U21
      ✅ 40 detay oran çekildi
      📊 Toplam 40 oran
   [8/10] Peterborough United U21 vs Nottingham Forest U21
      ✅ 40 detay oran çekildi
      📊 Toplam 40 oran
   [9/10] Defence Force FC vs Adama City FC
      ✅ 38 detay oran çekildi
      📊 Toplam 38 oran
   [10/10] Hawassa Kenema SC vs Sheger Ketema
      ✅ 38 detay oran çekildi
      📊 Toplam 38 oran
   💾 Toplam 382 maç kaydedildi
   💾 10 maç kaydedildi (✅10 ❌0)

============================================================
📊 FİNAL SONUÇ
   ⚽ Toplam maç: 10
   📊 Toplam oran: 412
   📊 Ortalama: 41 oran/maç
   ✅ Detaylı: 10
   ⏱️ Süre: 0:04:12.837655
============================================================
   💾 Toplam 382 maç kaydedildi

🎉 İşlem tamamlandı!

📌 GitHub'a yükleyin:
   git add -A
   git commit -m "Oranlar guncellendi"
   git push
[main 20b07c1] Otomatik oran guncelleme Pzt 04.05.2026  4:44:16,93
 1 file changed, 11 insertions(+), 11 deletions(-)
To https://github.com/yusufkocbiotek-sketch/iddiayusuf.git
   a625ff1..20b07c1  main -> main
TAMAMLANDI 
 
========================================== 
ORAN GUNCELLEME BASLADI 
Tarih Saat: Pzt 04.05.2026  4:50:01,62 
========================================== 
⚽ İddaa Oran Çekici - BUGÜNÜN TÜM MAÇLARI
📅 04/05/2026 04:50
============================================================
🌐 Chrome başlatılıyor...
✅ Chrome başlatıldı!
📡 https://www.iddaa.com/program/futbol?date=04.05.2026
   ⏳ Maçlar yükleniyor (max 30sn)...
   ✅ 10 maç bulundu

🔍 Maç isimleri toplanıyor...
   📋 10 maç bulundu:
      1. PSM Makassar vs Bhayangkara
      2. Persib Bandung vs Psim Yogyakarta
      3. Wolaita Dicha SC vs Hadiya Hossana FC
      4. Mashujaa FC vs Tabora United FC
      5. Persijap Jepara vs Persija Jakarta
      6. Aston Villa (K) vs West Ham United (K)
      7. Huddersfield Town U21 vs Bournemouth U21
      8. Peterborough United U21 vs Nottingham Forest U21
      9. Defence Force FC vs Adama City FC
      10. Hawassa Kenema SC vs Sheger Ketema

🔽 Maçlar tek tek açılıyor...

   [1/10] PSM Makassar vs Bhayangkara
      ✅ 40 detay oran çekildi
      📊 Toplam 47 oran
   [2/10] Persib Bandung vs Psim Yogyakarta
      ✅ 35 detay oran çekildi
      📊 Toplam 42 oran
   [3/10] Wolaita Dicha SC vs Hadiya Hossana FC
      ✅ 37 detay oran çekildi
      📊 Toplam 37 oran
   [4/10] Mashujaa FC vs Tabora United FC
      ✅ 38 detay oran çekildi
      📊 Toplam 38 oran
   [5/10] Persijap Jepara vs Persija Jakarta
      ✅ 38 detay oran çekildi
      📊 Toplam 45 oran
   [6/10] Aston Villa (K) vs West Ham United (K)
      ✅ 40 detay oran çekildi
      📊 Toplam 47 oran
   [7/10] Huddersfield Town U21 vs Bournemouth U21
      ✅ 40 detay oran çekildi
      📊 Toplam 40 oran
   [8/10] Peterborough United U21 vs Nottingham Forest U21
      ✅ 40 detay oran çekildi
      📊 Toplam 40 oran
   [9/10] Defence Force FC vs Adama City FC
      ✅ 38 detay oran çekildi
      📊 Toplam 38 oran
   [10/10] Hawassa Kenema SC vs Sheger Ketema
      ✅ 38 detay oran çekildi
      📊 Toplam 38 oran
   💾 Toplam 382 maç kaydedildi
   💾 10 maç kaydedildi (✅10 ❌0)

============================================================
📊 FİNAL SONUÇ
   ⚽ Toplam maç: 10
   📊 Toplam oran: 412
   📊 Ortalama: 41 oran/maç
   ✅ Detaylı: 10
   ⏱️ Süre: 0:04:13.387942
============================================================
   💾 Toplam 382 maç kaydedildi

🎉 İşlem tamamlandı!

📌 GitHub'a yükleyin:
   git add -A
   git commit -m "Oranlar guncellendi"
   git push
[main 0c90c6b] Otomatik oran guncelleme Pzt 04.05.2026  4:54:17,37
 1 file changed, 34 insertions(+), 34 deletions(-)
To https://github.com/yusufkocbiotek-sketch/iddiayusuf.git
   20b07c1..0c90c6b  main -> main
TAMAMLANDI 
 
========================================== 
ORAN GUNCELLEME BASLADI 
Tarih Saat: Pzt 04.05.2026  5:00:01,63 
========================================== 
⚽ İddaa Oran Çekici - BUGÜNÜN TÜM MAÇLARI
📅 04/05/2026 05:00
============================================================
🌐 Chrome başlatılıyor...
✅ Chrome başlatıldı!
📡 https://www.iddaa.com/program/futbol?date=04.05.2026
   ⏳ Maçlar yükleniyor (max 30sn)...
   ✅ 10 maç bulundu

🔍 Maç isimleri toplanıyor...
   📋 10 maç bulundu:
      1. PSM Makassar vs Bhayangkara
      2. Persib Bandung vs Psim Yogyakarta
      3. Wolaita Dicha SC vs Hadiya Hossana FC
      4. Mashujaa FC vs Tabora United FC
      5. Persijap Jepara vs Persija Jakarta
      6. Aston Villa (K) vs West Ham United (K)
      7. Huddersfield Town U21 vs Bournemouth U21
      8. Peterborough United U21 vs Nottingham Forest U21
      9. Defence Force FC vs Adama City FC
      10. Hawassa Kenema SC vs Sheger Ketema

🔽 Maçlar tek tek açılıyor...

   [1/10] PSM Makassar vs Bhayangkara
      ✅ 40 detay oran çekildi
      📊 Toplam 47 oran
   [2/10] Persib Bandung vs Psim Yogyakarta
      ✅ 35 detay oran çekildi
      📊 Toplam 42 oran
   [3/10] Wolaita Dicha SC vs Hadiya Hossana FC
      ✅ 37 detay oran çekildi
      📊 Toplam 37 oran
   [4/10] Mashujaa FC vs Tabora United FC
      ✅ 35 detay oran çekildi
      📊 Toplam 35 oran
   [5/10] Persijap Jepara vs Persija Jakarta
      ✅ 38 detay oran çekildi
      📊 Toplam 45 oran
   [6/10] Aston Villa (K) vs West Ham United (K)
      ✅ 40 detay oran çekildi
      📊 Toplam 47 oran
   [7/10] Huddersfield Town U21 vs Bournemouth U21
      ✅ 40 detay oran çekildi
      📊 Toplam 40 oran
   [8/10] Peterborough United U21 vs Nottingham Forest U21
      ✅ 40 detay oran çekildi
      📊 Toplam 40 oran
   [9/10] Defence Force FC vs Adama City FC
      ✅ 38 detay oran çekildi
      📊 Toplam 38 oran
   [10/10] Hawassa Kenema SC vs Sheger Ketema
      ✅ 38 detay oran çekildi
      📊 Toplam 38 oran
   💾 Toplam 382 maç kaydedildi
   💾 10 maç kaydedildi (✅10 ❌0)

============================================================
📊 FİNAL SONUÇ
   ⚽ Toplam maç: 10
   📊 Toplam oran: 409
   📊 Ortalama: 40 oran/maç
   ✅ Detaylı: 10
   ⏱️ Süre: 0:04:16.381923
============================================================
   💾 Toplam 382 maç kaydedildi

🎉 İşlem tamamlandı!

📌 GitHub'a yükleyin:
   git add -A
   git commit -m "Oranlar guncellendi"
   git push
[main c0a67bf] Otomatik oran guncelleme Pzt 04.05.2026  5:04:20,39
 1 file changed, 45 insertions(+), 48 deletions(-)
To https://github.com/yusufkocbiotek-sketch/iddiayusuf.git
   0c90c6b..c0a67bf  main -> main
TAMAMLANDI 
 
========================================== 
ORAN GUNCELLEME BASLADI 
Tarih Saat: Pzt 04.05.2026  5:10:01,63 
========================================== 
⚽ İddaa Oran Çekici - BUGÜNÜN TÜM MAÇLARI
📅 04/05/2026 05:10
============================================================
🌐 Chrome başlatılıyor...
✅ Chrome başlatıldı!
📡 https://www.iddaa.com/program/futbol?date=04.05.2026
   ⏳ Maçlar yükleniyor (max 30sn)...
   ✅ 10 maç bulundu

🔍 Maç isimleri toplanıyor...
   📋 10 maç bulundu:
      1. PSM Makassar vs Bhayangkara
      2. Persib Bandung vs Psim Yogyakarta
      3. Wolaita Dicha SC vs Hadiya Hossana FC
      4. Mashujaa FC vs Tabora United FC
      5. Persijap Jepara vs Persija Jakarta
      6. Aston Villa (K) vs West Ham United (K)
      7. Huddersfield Town U21 vs Bournemouth U21
      8. Peterborough United U21 vs Nottingham Forest U21
      9. Defence Force FC vs Adama City FC
      10. Hawassa Kenema SC vs Sheger Ketema

🔽 Maçlar tek tek açılıyor...

   [1/10] PSM Makassar vs Bhayangkara
      ✅ 40 detay oran çekildi
      📊 Toplam 47 oran
   [2/10] Persib Bandung vs Psim Yogyakarta
      ✅ 35 detay oran çekildi
      📊 Toplam 42 oran
   [3/10] Wolaita Dicha SC vs Hadiya Hossana FC
      ✅ 37 detay oran çekildi
      📊 Toplam 37 oran
   [4/10] Mashujaa FC vs Tabora United FC
      ✅ 38 detay oran çekildi
      📊 Toplam 38 oran
   [5/10] Persijap Jepara vs Persija Jakarta
      ✅ 38 detay oran çekildi
      📊 Toplam 45 oran
   [6/10] Aston Villa (K) vs West Ham United (K)
      ✅ 40 detay oran çekildi
      📊 Toplam 47 oran
   [7/10] Huddersfield Town U21 vs Bournemouth U21
      ✅ 40 detay oran çekildi
      📊 Toplam 40 oran
   [8/10] Peterborough United U21 vs Nottingham Forest U21
      ✅ 40 detay oran çekildi
      📊 Toplam 40 oran
   [9/10] Defence Force FC vs Adama City FC
      ✅ 38 detay oran çekildi
      📊 Toplam 38 oran
   [10/10] Hawassa Kenema SC vs Sheger Ketema
      ✅ 38 detay oran çekildi
      📊 Toplam 38 oran
   💾 Toplam 382 maç kaydedildi
   💾 10 maç kaydedildi (✅10 ❌0)

============================================================
📊 FİNAL SONUÇ
   ⚽ Toplam maç: 10
   📊 Toplam oran: 412
   📊 Ortalama: 41 oran/maç
   ✅ Detaylı: 10
   ⏱️ Süre: 0:04:12.960478
============================================================
   💾 Toplam 382 maç kaydedildi

🎉 İşlem tamamlandı!

📌 GitHub'a yükleyin:
   git add -A
   git commit -m "Oranlar guncellendi"
   git push
[main ad19f58] Otomatik oran guncelleme Pzt 04.05.2026  5:14:16,97
 1 file changed, 14 insertions(+), 11 deletions(-)
To https://github.com/yusufkocbiotek-sketch/iddiayusuf.git
   c0a67bf..ad19f58  main -> main
TAMAMLANDI 
 
========================================== 
ORAN GUNCELLEME BASLADI 
Tarih Saat: Pzt 04.05.2026  5:20:01,63 
========================================== 
⚽ İddaa Oran Çekici - BUGÜNÜN TÜM MAÇLARI
📅 04/05/2026 05:20
============================================================
🌐 Chrome başlatılıyor...
✅ Chrome başlatıldı!
📡 https://www.iddaa.com/program/futbol?date=04.05.2026
   ⏳ Maçlar yükleniyor (max 30sn)...
   ✅ 10 maç bulundu

🔍 Maç isimleri toplanıyor...
   📋 10 maç bulundu:
      1. PSM Makassar vs Bhayangkara
      2. Persib Bandung vs Psim Yogyakarta
      3. Wolaita Dicha SC vs Hadiya Hossana FC
      4. Mashujaa FC vs Tabora United FC
      5. Persijap Jepara vs Persija Jakarta
      6. Aston Villa (K) vs West Ham United (K)
      7. Huddersfield Town U21 vs Bournemouth U21
      8. Peterborough United U21 vs Nottingham Forest U21
      9. Defence Force FC vs Adama City FC
      10. Hawassa Kenema SC vs Sheger Ketema

🔽 Maçlar tek tek açılıyor...

   [1/10] PSM Makassar vs Bhayangkara
      ✅ 40 detay oran çekildi
      📊 Toplam 47 oran
   [2/10] Persib Bandung vs Psim Yogyakarta
      ✅ 35 detay oran çekildi
      📊 Toplam 42 oran
   [3/10] Wolaita Dicha SC vs Hadiya Hossana FC
      ✅ 37 detay oran çekildi
      📊 Toplam 37 oran
   [4/10] Mashujaa FC vs Tabora United FC
      ✅ 38 detay oran çekildi
      📊 Toplam 38 oran
   [5/10] Persijap Jepara vs Persija Jakarta
      ✅ 38 detay oran çekildi
      📊 Toplam 45 oran
   [6/10] Aston Villa (K) vs West Ham United (K)
      ✅ 40 detay oran çekildi
      📊 Toplam 47 oran
   [7/10] Huddersfield Town U21 vs Bournemouth U21
      ✅ 40 detay oran çekildi
      📊 Toplam 40 oran
   [8/10] Peterborough United U21 vs Nottingham Forest U21
      ✅ 40 detay oran çekildi
      📊 Toplam 40 oran
   [9/10] Defence Force FC vs Adama City FC
      ✅ 37 detay oran çekildi
      📊 Toplam 37 oran
   [10/10] Hawassa Kenema SC vs Sheger Ketema
      ✅ 38 detay oran çekildi
      📊 Toplam 38 oran
   💾 Toplam 382 maç kaydedildi
   💾 10 maç kaydedildi (✅10 ❌0)

============================================================
📊 FİNAL SONUÇ
   ⚽ Toplam maç: 10
   📊 Toplam oran: 411
   📊 Ortalama: 41 oran/maç
   ✅ Detaylı: 10
   ⏱️ Süre: 0:04:12.496443
============================================================
   💾 Toplam 382 maç kaydedildi

🎉 İşlem tamamlandı!

📌 GitHub'a yükleyin:
   git add -A
   git commit -m "Oranlar guncellendi"
   git push
[main 4abd176] Otomatik oran guncelleme Pzt 04.05.2026  5:24:16,49
 1 file changed, 46 insertions(+), 47 deletions(-)
To https://github.com/yusufkocbiotek-sketch/iddiayusuf.git
   ad19f58..4abd176  main -> main
TAMAMLANDI 
 
========================================== 
ORAN GUNCELLEME BASLADI 
Tarih Saat: Pzt 04.05.2026  5:30:01,64 
========================================== 
⚽ İddaa Oran Çekici - BUGÜNÜN TÜM MAÇLARI
📅 04/05/2026 05:30
============================================================
🌐 Chrome başlatılıyor...
✅ Chrome başlatıldı!
📡 https://www.iddaa.com/program/futbol?date=04.05.2026
   ⏳ Maçlar yükleniyor (max 30sn)...
   ✅ 10 maç bulundu

🔍 Maç isimleri toplanıyor...
   📋 10 maç bulundu:
      1. PSM Makassar vs Bhayangkara
      2. Persib Bandung vs Psim Yogyakarta
      3. Wolaita Dicha SC vs Hadiya Hossana FC
      4. Mashujaa FC vs Tabora United FC
      5. Persijap Jepara vs Persija Jakarta
      6. Aston Villa (K) vs West Ham United (K)
      7. Huddersfield Town U21 vs Bournemouth U21
      8. Peterborough United U21 vs Nottingham Forest U21
      9. Defence Force FC vs Adama City FC
      10. Hawassa Kenema SC vs Sheger Ketema

🔽 Maçlar tek tek açılıyor...

   [1/10] PSM Makassar vs Bhayangkara
      ✅ 40 detay oran çekildi
      📊 Toplam 47 oran
   [2/10] Persib Bandung vs Psim Yogyakarta
      ✅ 35 detay oran çekildi
      📊 Toplam 42 oran
   [3/10] Wolaita Dicha SC vs Hadiya Hossana FC
      ✅ 37 detay oran çekildi
      📊 Toplam 37 oran
   [4/10] Mashujaa FC vs Tabora United FC
      ✅ 38 detay oran çekildi
      📊 Toplam 38 oran
   [5/10] Persijap Jepara vs Persija Jakarta
      ✅ 38 detay oran çekildi
      📊 Toplam 45 oran
   [6/10] Aston Villa (K) vs West Ham United (K)
      ✅ 40 detay oran çekildi
      📊 Toplam 47 oran
   [7/10] Huddersfield Town U21 vs Bournemouth U21
      ✅ 40 detay oran çekildi
      📊 Toplam 40 oran
   [8/10] Peterborough United U21 vs Nottingham Forest U21
      ✅ 40 detay oran çekildi
      📊 Toplam 40 oran
   [9/10] Defence Force FC vs Adama City FC
      ✅ 37 detay oran çekildi
      📊 Toplam 37 oran
   [10/10] Hawassa Kenema SC vs Sheger Ketema
      ✅ 38 detay oran çekildi
      📊 Toplam 38 oran
   💾 Toplam 382 maç kaydedildi
   💾 10 maç kaydedildi (✅10 ❌0)

============================================================
📊 FİNAL SONUÇ
   ⚽ Toplam maç: 10
   📊 Toplam oran: 411
   📊 Ortalama: 41 oran/maç
   ✅ Detaylı: 10
   ⏱️ Süre: 0:04:13.603314
============================================================
   💾 Toplam 382 maç kaydedildi

🎉 İşlem tamamlandı!

📌 GitHub'a yükleyin:
   git add -A
   git commit -m "Oranlar guncellendi"
   git push
[main 5a51af5] Otomatik oran guncelleme Pzt 04.05.2026  5:34:17,62
 1 file changed, 38 insertions(+), 38 deletions(-)
To https://github.com/yusufkocbiotek-sketch/iddiayusuf.git
   4abd176..5a51af5  main -> main
TAMAMLANDI 
 
========================================== 
ORAN GUNCELLEME BASLADI 
Tarih Saat: Pzt 04.05.2026  5:40:01,63 
========================================== 
⚽ İddaa Oran Çekici - BUGÜNÜN TÜM MAÇLARI
📅 04/05/2026 05:40
============================================================
🌐 Chrome başlatılıyor...
✅ Chrome başlatıldı!
📡 https://www.iddaa.com/program/futbol?date=04.05.2026
   ⏳ Maçlar yükleniyor (max 30sn)...
   ✅ 10 maç bulundu

🔍 Maç isimleri toplanıyor...
   📋 10 maç bulundu:
      1. PSM Makassar vs Bhayangkara
      2. Persib Bandung vs Psim Yogyakarta
      3. Wolaita Dicha SC vs Hadiya Hossana FC
      4. Mashujaa FC vs Tabora United FC
      5. Persijap Jepara vs Persija Jakarta
      6. Aston Villa (K) vs West Ham United (K)
      7. Huddersfield Town U21 vs Bournemouth U21
      8. Peterborough United U21 vs Nottingham Forest U21
      9. Defence Force FC vs Adama City FC
      10. Hawassa Kenema SC vs Sheger Ketema

🔽 Maçlar tek tek açılıyor...

   [1/10] PSM Makassar vs Bhayangkara
      ✅ 40 detay oran çekildi
      📊 Toplam 47 oran
   [2/10] Persib Bandung vs Psim Yogyakarta
      ✅ 35 detay oran çekildi
      📊 Toplam 42 oran
   [3/10] Wolaita Dicha SC vs Hadiya Hossana FC
      ✅ 37 detay oran çekildi
      📊 Toplam 37 oran
   [4/10] Mashujaa FC vs Tabora United FC
      ✅ 38 detay oran çekildi
      📊 Toplam 38 oran
   [5/10] Persijap Jepara vs Persija Jakarta
      ✅ 38 detay oran çekildi
      📊 Toplam 45 oran
   [6/10] Aston Villa (K) vs West Ham United (K)
      ✅ 40 detay oran çekildi
      📊 Toplam 47 oran
   [7/10] Huddersfield Town U21 vs Bournemouth U21
      ✅ 40 detay oran çekildi
      📊 Toplam 40 oran
   [8/10] Peterborough United U21 vs Nottingham Forest U21
      ✅ 40 detay oran çekildi
      📊 Toplam 40 oran
   [9/10] Defence Force FC vs Adama City FC
      ✅ 37 detay oran çekildi
      📊 Toplam 37 oran
   [10/10] Hawassa Kenema SC vs Sheger Ketema
      ✅ 38 detay oran çekildi
      📊 Toplam 38 oran
   💾 Toplam 382 maç kaydedildi
   💾 10 maç kaydedildi (✅10 ❌0)

============================================================
📊 FİNAL SONUÇ
   ⚽ Toplam maç: 10
   📊 Toplam oran: 411
   📊 Ortalama: 41 oran/maç
   ✅ Detaylı: 10
   ⏱️ Süre: 0:04:13.093673
============================================================
   💾 Toplam 382 maç kaydedildi

🎉 İşlem tamamlandı!

📌 GitHub'a yükleyin:
   git add -A
   git commit -m "Oranlar guncellendi"
   git push
[main 54044f5] Otomatik oran guncelleme Pzt 04.05.2026  5:44:17,09
 1 file changed, 11 insertions(+), 11 deletions(-)
To https://github.com/yusufkocbiotek-sketch/iddiayusuf.git
   5a51af5..54044f5  main -> main
TAMAMLANDI 
 
========================================== 
ORAN GUNCELLEME BASLADI 
Tarih Saat: Pzt 04.05.2026  5:50:01,63 
========================================== 
⚽ İddaa Oran Çekici - BUGÜNÜN TÜM MAÇLARI
📅 04/05/2026 05:50
============================================================
🌐 Chrome başlatılıyor...
✅ Chrome başlatıldı!
📡 https://www.iddaa.com/program/futbol?date=04.05.2026
   ⏳ Maçlar yükleniyor (max 30sn)...
   ✅ 10 maç bulundu

🔍 Maç isimleri toplanıyor...
   📋 10 maç bulundu:
      1. PSM Makassar vs Bhayangkara
      2. Persib Bandung vs Psim Yogyakarta
      3. Wolaita Dicha SC vs Hadiya Hossana FC
      4. Mashujaa FC vs Tabora United FC
      5. Persijap Jepara vs Persija Jakarta
      6. Aston Villa (K) vs West Ham United (K)
      7. Huddersfield Town U21 vs Bournemouth U21
      8. Peterborough United U21 vs Nottingham Forest U21
      9. Defence Force FC vs Adama City FC
      10. Hawassa Kenema SC vs Sheger Ketema

🔽 Maçlar tek tek açılıyor...

   [1/10] PSM Makassar vs Bhayangkara
      ✅ 40 detay oran çekildi
      📊 Toplam 47 oran
   [2/10] Persib Bandung vs Psim Yogyakarta
      ✅ 35 detay oran çekildi
      📊 Toplam 42 oran
   [3/10] Wolaita Dicha SC vs Hadiya Hossana FC
      ✅ 37 detay oran çekildi
      📊 Toplam 37 oran
   [4/10] Mashujaa FC vs Tabora United FC
      ✅ 38 detay oran çekildi
      📊 Toplam 38 oran
   [5/10] Persijap Jepara vs Persija Jakarta
      ✅ 38 detay oran çekildi
      📊 Toplam 45 oran
   [6/10] Aston Villa (K) vs West Ham United (K)
      ✅ 40 detay oran çekildi
      📊 Toplam 47 oran
   [7/10] Huddersfield Town U21 vs Bournemouth U21
      ✅ 40 detay oran çekildi
      📊 Toplam 40 oran
   [8/10] Peterborough United U21 vs Nottingham Forest U21
      ✅ 40 detay oran çekildi
      📊 Toplam 40 oran
   [9/10] Defence Force FC vs Adama City FC
      ✅ 37 detay oran çekildi
      📊 Toplam 37 oran
   [10/10] Hawassa Kenema SC vs Sheger Ketema
      ✅ 38 detay oran çekildi
      📊 Toplam 38 oran
   💾 Toplam 382 maç kaydedildi
   💾 10 maç kaydedildi (✅10 ❌0)

============================================================
📊 FİNAL SONUÇ
   ⚽ Toplam maç: 10
   📊 Toplam oran: 411
   📊 Ortalama: 41 oran/maç
   ✅ Detaylı: 10
   ⏱️ Süre: 0:04:13.554018
============================================================
   💾 Toplam 382 maç kaydedildi

🎉 İşlem tamamlandı!

📌 GitHub'a yükleyin:
   git add -A
   git commit -m "Oranlar guncellendi"
   git push
[main dbbc56a] Otomatik oran guncelleme Pzt 04.05.2026  5:54:17,59
 1 file changed, 38 insertions(+), 38 deletions(-)
To https://github.com/yusufkocbiotek-sketch/iddiayusuf.git
   54044f5..dbbc56a  main -> main
TAMAMLANDI 
 
========================================== 
ORAN GUNCELLEME BASLADI 
Tarih Saat: Pzt 04.05.2026  6:00:01,64 
========================================== 
⚽ İddaa Oran Çekici - BUGÜNÜN TÜM MAÇLARI
📅 04/05/2026 06:00
============================================================
🌐 Chrome başlatılıyor...
✅ Chrome başlatıldı!
📡 https://www.iddaa.com/program/futbol?date=04.05.2026
   ⏳ Maçlar yükleniyor (max 30sn)...
   ✅ 10 maç bulundu

🔍 Maç isimleri toplanıyor...
   📋 10 maç bulundu:
      1. PSM Makassar vs Bhayangkara
      2. Persib Bandung vs Psim Yogyakarta
      3. Wolaita Dicha SC vs Hadiya Hossana FC
      4. Mashujaa FC vs Tabora United FC
      5. Persijap Jepara vs Persija Jakarta
      6. Aston Villa (K) vs West Ham United (K)
      7. Huddersfield Town U21 vs Bournemouth U21
      8. Peterborough United U21 vs Nottingham Forest U21
      9. Defence Force FC vs Adama City FC
      10. Hawassa Kenema SC vs Sheger Ketema

🔽 Maçlar tek tek açılıyor...

   [1/10] PSM Makassar vs Bhayangkara
      ✅ 40 detay oran çekildi
      📊 Toplam 47 oran
   [2/10] Persib Bandung vs Psim Yogyakarta
      ✅ 35 detay oran çekildi
      📊 Toplam 42 oran
   [3/10] Wolaita Dicha SC vs Hadiya Hossana FC
      ✅ 37 detay oran çekildi
      📊 Toplam 37 oran
   [4/10] Mashujaa FC vs Tabora United FC
      ✅ 38 detay oran çekildi
      📊 Toplam 38 oran
   [5/10] Persijap Jepara vs Persija Jakarta
      ✅ 38 detay oran çekildi
      📊 Toplam 45 oran
   [6/10] Aston Villa (K) vs West Ham United (K)
      ✅ 40 detay oran çekildi
      📊 Toplam 47 oran
   [7/10] Huddersfield Town U21 vs Bournemouth U21
      ✅ 40 detay oran çekildi
      📊 Toplam 40 oran
   [8/10] Peterborough United U21 vs Nottingham Forest U21
      ✅ 40 detay oran çekildi
      📊 Toplam 40 oran
   [9/10] Defence Force FC vs Adama City FC
      ✅ 37 detay oran çekildi
      📊 Toplam 37 oran
   [10/10] Hawassa Kenema SC vs Sheger Ketema
      ✅ 38 detay oran çekildi
      📊 Toplam 38 oran
   💾 Toplam 382 maç kaydedildi
   💾 10 maç kaydedildi (✅10 ❌0)

============================================================
📊 FİNAL SONUÇ
   ⚽ Toplam maç: 10
   📊 Toplam oran: 411
   📊 Ortalama: 41 oran/maç
   ✅ Detaylı: 10
   ⏱️ Süre: 0:04:12.325653
============================================================
   💾 Toplam 382 maç kaydedildi

🎉 İşlem tamamlandı!

📌 GitHub'a yükleyin:
   git add -A
   git commit -m "Oranlar guncellendi"
   git push
[main b45257b] Otomatik oran guncelleme Pzt 04.05.2026  6:04:16,35
 1 file changed, 11 insertions(+), 11 deletions(-)
To https://github.com/yusufkocbiotek-sketch/iddiayusuf.git
   dbbc56a..b45257b  main -> main
TAMAMLANDI 
 
========================================== 
ORAN GUNCELLEME BASLADI 
Tarih Saat: Pzt 04.05.2026  6:10:01,64 
========================================== 
⚽ İddaa Oran Çekici - BUGÜNÜN TÜM MAÇLARI
📅 04/05/2026 06:10
============================================================
🌐 Chrome başlatılıyor...
✅ Chrome başlatıldı!
📡 https://www.iddaa.com/program/futbol?date=04.05.2026
   ⏳ Maçlar yükleniyor (max 30sn)...
   ✅ 10 maç bulundu

🔍 Maç isimleri toplanıyor...
   📋 10 maç bulundu:
      1. PSM Makassar vs Bhayangkara
      2. Persib Bandung vs Psim Yogyakarta
      3. Wolaita Dicha SC vs Hadiya Hossana FC
      4. Mashujaa FC vs Tabora United FC
      5. Persijap Jepara vs Persija Jakarta
      6. Aston Villa (K) vs West Ham United (K)
      7. Huddersfield Town U21 vs Bournemouth U21
      8. Peterborough United U21 vs Nottingham Forest U21
      9. Defence Force FC vs Adama City FC
      10. Hawassa Kenema SC vs Sheger Ketema

🔽 Maçlar tek tek açılıyor...

   [1/10] PSM Makassar vs Bhayangkara
      ✅ 40 detay oran çekildi
      📊 Toplam 47 oran
   [2/10] Persib Bandung vs Psim Yogyakarta
      ✅ 35 detay oran çekildi
      📊 Toplam 42 oran
   [3/10] Wolaita Dicha SC vs Hadiya Hossana FC
      ✅ 37 detay oran çekildi
      📊 Toplam 37 oran
   [4/10] Mashujaa FC vs Tabora United FC
      ✅ 38 detay oran çekildi
      📊 Toplam 38 oran
   [5/10] Persijap Jepara vs Persija Jakarta
      ✅ 38 detay oran çekildi
      📊 Toplam 45 oran
   [6/10] Aston Villa (K) vs West Ham United (K)
      ✅ 40 detay oran çekildi
      📊 Toplam 47 oran
   [7/10] Huddersfield Town U21 vs Bournemouth U21
      ✅ 40 detay oran çekildi
      📊 Toplam 40 oran
   [8/10] Peterborough United U21 vs Nottingham Forest U21
      ✅ 40 detay oran çekildi
      📊 Toplam 40 oran
   [9/10] Defence Force FC vs Adama City FC
      ✅ 37 detay oran çekildi
      📊 Toplam 37 oran
   [10/10] Hawassa Kenema SC vs Sheger Ketema
      ✅ 38 detay oran çekildi
      📊 Toplam 38 oran
   💾 Toplam 382 maç kaydedildi
   💾 10 maç kaydedildi (✅10 ❌0)

============================================================
📊 FİNAL SONUÇ
   ⚽ Toplam maç: 10
   📊 Toplam oran: 411
   📊 Ortalama: 41 oran/maç
   ✅ Detaylı: 10
   ⏱️ Süre: 0:04:13.388439
============================================================
   💾 Toplam 382 maç kaydedildi

🎉 İşlem tamamlandı!

📌 GitHub'a yükleyin:
   git add -A
   git commit -m "Oranlar guncellendi"
   git push
[main 1e2bbbd] Otomatik oran guncelleme Pzt 04.05.2026  6:14:17,39
 1 file changed, 44 insertions(+), 44 deletions(-)
To https://github.com/yusufkocbiotek-sketch/iddiayusuf.git
   b45257b..1e2bbbd  main -> main
TAMAMLANDI 
 
========================================== 
ORAN GUNCELLEME BASLADI 
Tarih Saat: Pzt 04.05.2026  6:20:01,62 
========================================== 
⚽ İddaa Oran Çekici - BUGÜNÜN TÜM MAÇLARI
📅 04/05/2026 06:20
============================================================
🌐 Chrome başlatılıyor...
✅ Chrome başlatıldı!
📡 https://www.iddaa.com/program/futbol?date=04.05.2026
   ⏳ Maçlar yükleniyor (max 30sn)...
   ✅ 10 maç bulundu

🔍 Maç isimleri toplanıyor...
   📋 10 maç bulundu:
      1. PSM Makassar vs Bhayangkara
      2. Persib Bandung vs Psim Yogyakarta
      3. Wolaita Dicha SC vs Hadiya Hossana FC
      4. Mashujaa FC vs Tabora United FC
      5. Persijap Jepara vs Persija Jakarta
      6. Aston Villa (K) vs West Ham United (K)
      7. Huddersfield Town U21 vs Bournemouth U21
      8. Peterborough United U21 vs Nottingham Forest U21
      9. Defence Force FC vs Adama City FC
      10. Hawassa Kenema SC vs Sheger Ketema

🔽 Maçlar tek tek açılıyor...

   [1/10] PSM Makassar vs Bhayangkara
      ✅ 40 detay oran çekildi
      📊 Toplam 47 oran
   [2/10] Persib Bandung vs Psim Yogyakarta
      ✅ 35 detay oran çekildi
      📊 Toplam 42 oran
   [3/10] Wolaita Dicha SC vs Hadiya Hossana FC
      ✅ 37 detay oran çekildi
      📊 Toplam 37 oran
   [4/10] Mashujaa FC vs Tabora United FC
      ✅ 38 detay oran çekildi
      📊 Toplam 38 oran
   [5/10] Persijap Jepara vs Persija Jakarta
      ✅ 38 detay oran çekildi
      📊 Toplam 45 oran
   [6/10] Aston Villa (K) vs West Ham United (K)
      ✅ 40 detay oran çekildi
      📊 Toplam 47 oran
   [7/10] Huddersfield Town U21 vs Bournemouth U21
      ✅ 40 detay oran çekildi
      📊 Toplam 40 oran
   [8/10] Peterborough United U21 vs Nottingham Forest U21
      ✅ 40 detay oran çekildi
      📊 Toplam 40 oran
   [9/10] Defence Force FC vs Adama City FC
      ✅ 37 detay oran çekildi
      📊 Toplam 37 oran
   [10/10] Hawassa Kenema SC vs Sheger Ketema
      ✅ 38 detay oran çekildi
      📊 Toplam 38 oran
   💾 Toplam 382 maç kaydedildi
   💾 10 maç kaydedildi (✅10 ❌0)

============================================================
📊 FİNAL SONUÇ
   ⚽ Toplam maç: 10
   📊 Toplam oran: 411
   📊 Ortalama: 41 oran/maç
   ✅ Detaylı: 10
   ⏱️ Süre: 0:04:13.305311
============================================================
   💾 Toplam 382 maç kaydedildi

🎉 İşlem tamamlandı!

📌 GitHub'a yükleyin:
   git add -A
   git commit -m "Oranlar guncellendi"
   git push
[main ca8e67c] Otomatik oran guncelleme Pzt 04.05.2026  6:24:17,29
 1 file changed, 11 insertions(+), 11 deletions(-)
To https://github.com/yusufkocbiotek-sketch/iddiayusuf.git
   1e2bbbd..ca8e67c  main -> main
TAMAMLANDI 
 
========================================== 
ORAN GUNCELLEME BASLADI 
Tarih Saat: Pzt 04.05.2026  6:30:01,63 
========================================== 
⚽ İddaa Oran Çekici - BUGÜNÜN TÜM MAÇLARI
📅 04/05/2026 06:30
============================================================
🌐 Chrome başlatılıyor...
✅ Chrome başlatıldı!
📡 https://www.iddaa.com/program/futbol?date=04.05.2026
   ⏳ Maçlar yükleniyor (max 30sn)...
   ✅ 10 maç bulundu

🔍 Maç isimleri toplanıyor...
   📋 10 maç bulundu:
      1. PSM Makassar vs Bhayangkara
      2. Persib Bandung vs Psim Yogyakarta
      3. Wolaita Dicha SC vs Hadiya Hossana FC
      4. Mashujaa FC vs Tabora United FC
      5. Persijap Jepara vs Persija Jakarta
      6. Aston Villa (K) vs West Ham United (K)
      7. Huddersfield Town U21 vs Bournemouth U21
      8. Peterborough United U21 vs Nottingham Forest U21
      9. Defence Force FC vs Adama City FC
      10. Hawassa Kenema SC vs Sheger Ketema

🔽 Maçlar tek tek açılıyor...

   [1/10] PSM Makassar vs Bhayangkara
      ✅ 40 detay oran çekildi
      📊 Toplam 47 oran
   [2/10] Persib Bandung vs Psim Yogyakarta
      ✅ 35 detay oran çekildi
      📊 Toplam 42 oran
   [3/10] Wolaita Dicha SC vs Hadiya Hossana FC
      ✅ 37 detay oran çekildi
      📊 Toplam 37 oran
   [4/10] Mashujaa FC vs Tabora United FC
      ✅ 38 detay oran çekildi
      📊 Toplam 38 oran
   [5/10] Persijap Jepara vs Persija Jakarta
      ✅ 38 detay oran çekildi
      📊 Toplam 45 oran
   [6/10] Aston Villa (K) vs West Ham United (K)
      ✅ 40 detay oran çekildi
      📊 Toplam 47 oran
   [7/10] Huddersfield Town U21 vs Bournemouth U21
      ✅ 40 detay oran çekildi
      📊 Toplam 40 oran
   [8/10] Peterborough United U21 vs Nottingham Forest U21
      ✅ 40 detay oran çekildi
      📊 Toplam 40 oran
   [9/10] Defence Force FC vs Adama City FC
      ✅ 37 detay oran çekildi
      📊 Toplam 37 oran
   [10/10] Hawassa Kenema SC vs Sheger Ketema
      ✅ 38 detay oran çekildi
      📊 Toplam 38 oran
   💾 Toplam 382 maç kaydedildi
   💾 10 maç kaydedildi (✅10 ❌0)

============================================================
📊 FİNAL SONUÇ
   ⚽ Toplam maç: 10
   📊 Toplam oran: 411
   📊 Ortalama: 41 oran/maç
   ✅ Detaylı: 10
   ⏱️ Süre: 0:04:14.504914
============================================================
   💾 Toplam 382 maç kaydedildi

🎉 İşlem tamamlandı!

📌 GitHub'a yükleyin:
   git add -A
   git commit -m "Oranlar guncellendi"
   git push
[main 1fa4cf3] Otomatik oran guncelleme Pzt 04.05.2026  6:34:18,53
 1 file changed, 11 insertions(+), 11 deletions(-)
To https://github.com/yusufkocbiotek-sketch/iddiayusuf.git
   ca8e67c..1fa4cf3  main -> main
TAMAMLANDI 
 
========================================== 
ORAN GUNCELLEME BASLADI 
Tarih Saat: Pzt 04.05.2026  6:40:01,64 
========================================== 
⚽ İddaa Oran Çekici - BUGÜNÜN TÜM MAÇLARI
📅 04/05/2026 06:40
============================================================
🌐 Chrome başlatılıyor...
✅ Chrome başlatıldı!
📡 https://www.iddaa.com/program/futbol?date=04.05.2026
   ⏳ Maçlar yükleniyor (max 30sn)...
   ✅ 10 maç bulundu

🔍 Maç isimleri toplanıyor...
   📋 10 maç bulundu:
      1. PSM Makassar vs Bhayangkara
      2. Persib Bandung vs Psim Yogyakarta
      3. Wolaita Dicha SC vs Hadiya Hossana FC
      4. Mashujaa FC vs Tabora United FC
      5. Persijap Jepara vs Persija Jakarta
      6. Aston Villa (K) vs West Ham United (K)
      7. Huddersfield Town U21 vs Bournemouth U21
      8. Peterborough United U21 vs Nottingham Forest U21
      9. Defence Force FC vs Adama City FC
      10. Hawassa Kenema SC vs Sheger Ketema

🔽 Maçlar tek tek açılıyor...

   [1/10] PSM Makassar vs Bhayangkara
      ✅ 40 detay oran çekildi
      📊 Toplam 47 oran
   [2/10] Persib Bandung vs Psim Yogyakarta
      ⏳ Deneme 1 başarısız, 30sn sonra tekrar...
      ⏳ Deneme 2 başarısız, 30sn sonra tekrar...
      ❌ 3 deneme de başarısız oldu
      📊 Toplam 0 oran
   [3/10] Wolaita Dicha SC vs Hadiya Hossana FC
      ⏳ Deneme 1 başarısız, 30sn sonra tekrar...
      ⏳ Deneme 2 başarısız, 30sn sonra tekrar...
      ❌ 3 deneme de başarısız oldu
      📊 Toplam 0 oran
   [4/10] Mashujaa FC vs Tabora United FC
      ⏳ Deneme 1 başarısız, 30sn sonra tekrar...
      ⏳ Deneme 2 başarısız, 30sn sonra tekrar...
      ❌ 3 deneme de başarısız oldu
      📊 Toplam 0 oran
   [5/10] Persijap Jepara vs Persija Jakarta
      ⏳ Deneme 1 başarısız, 30sn sonra tekrar...
      ⏳ Deneme 2 başarısız, 30sn sonra tekrar...
      ❌ 3 deneme de başarısız oldu
      📊 Toplam 0 oran
   [6/10] Aston Villa (K) vs West Ham United (K)
      ⏳ Deneme 1 başarısız, 30sn sonra tekrar...
      ⏳ Deneme 2 başarısız, 30sn sonra tekrar...
      ❌ 3 deneme de başarısız oldu
      📊 Toplam 0 oran
   [7/10] Huddersfield Town U21 vs Bournemouth U21
      ⏳ Deneme 1 başarısız, 30sn sonra tekrar...
      ⏳ Deneme 2 başarısız, 30sn sonra tekrar...
      ❌ 3 deneme de başarısız oldu
      📊 Toplam 0 oran
   [8/10] Peterborough United U21 vs Nottingham Forest U21
      ⏳ Deneme 1 başarısız, 30sn sonra tekrar...
      ⏳ Deneme 2 başarısız, 30sn sonra tekrar...
      ❌ 3 deneme de başarısız oldu
      📊 Toplam 0 oran
   [9/10] Defence Force FC vs Adama City FC
      ⏳ Deneme 1 başarısız, 30sn sonra tekrar...
      ⏳ Deneme 2 başarısız, 30sn sonra tekrar...
      ❌ 3 deneme de başarısız oldu
      📊 Toplam 0 oran
   [10/10] Hawassa Kenema SC vs Sheger Ketema
      ⏳ Deneme 1 başarısız, 30sn sonra tekrar...
      ⏳ Deneme 2 başarısız, 30sn sonra tekrar...
      ❌ 3 deneme de başarısız oldu
      📊 Toplam 0 oran
   💾 Toplam 382 maç kaydedildi
   💾 10 maç kaydedildi (✅1 ❌9)

============================================================
📊 FİNAL SONUÇ
   ⚽ Toplam maç: 10
   📊 Toplam oran: 47
   📊 Ortalama: 4 oran/maç
   ✅ Detaylı: 1
   ⏱️ Süre: 0:14:40.894274
============================================================
   💾 Toplam 382 maç kaydedildi

🎉 İşlem tamamlandı!

📌 GitHub'a yükleyin:
   git add -A
   git commit -m "Oranlar guncellendi"
   git push
[main b20f88e] Otomatik oran guncelleme Pzt 04.05.2026  6:54:45,02
 2 files changed, 365 insertions(+), 788 deletions(-)
To https://github.com/yusufkocbiotek-sketch/iddiayusuf.git
   1fa4cf3..b20f88e  main -> main
TAMAMLANDI 
 
========================================== 
ORAN GUNCELLEME BASLADI 
Tarih Saat: Pzt 04.05.2026  7:00:01,63 
========================================== 
Traceback (most recent call last):
  File "C:\Users\YUSUF\OneDrive\Desktop\iddiayusuf-main\scraper_full.py", line 9, in <module>
    from webdriver_manager.chrome import ChromeDriverManager
  File "C:\Users\YUSUF\AppData\Local\Programs\Python\Python314\Lib\site-packages\webdriver_manager\chrome.py", line 4, in <module>
    from webdriver_manager.core.download_manager import DownloadManager
  File "C:\Users\YUSUF\AppData\Local\Programs\Python\Python314\Lib\site-packages\webdriver_manager\core\download_manager.py", line 5, in <module>
    from webdriver_manager.core.http import WDMHttpClient
  File "C:\Users\YUSUF\AppData\Local\Programs\Python\Python314\Lib\site-packages\webdriver_manager\core\http.py", line 1, in <module>
    import requests
  File "C:\Users\YUSUF\AppData\Local\Programs\Python\Python314\Lib\site-packages\requests\__init__.py", line 43, in <module>
    import urllib3
  File "C:\Users\YUSUF\AppData\Local\Programs\Python\Python314\Lib\site-packages\urllib3\__init__.py", line 18, in <module>
    from .connectionpool import HTTPConnectionPool, HTTPSConnectionPool, connection_from_url
  File "<frozen importlib._bootstrap>", line 1371, in _find_and_load
  File "<frozen importlib._bootstrap>", line 1342, in _find_and_load_unlocked
  File "<frozen importlib._bootstrap>", line 938, in _load_unlocked
  File "<frozen importlib._bootstrap_external>", line 755, in exec_module
  File "<frozen importlib._bootstrap_external>", line 888, in get_code
  File "<frozen importlib._bootstrap_external>", line 511, in _compile_bytecode
KeyboardInterrupt
^C 
========================================== 
ORAN GUNCELLEME BASLADI 
Tarih Saat: Pzt 04.05.2026  7:10:01,63 
========================================== 
⚽ İddaa Oran Çekici - BUGÜNÜN TÜM MAÇLARI
📅 04/05/2026 07:10
============================================================
🌐 Chrome başlatılıyor...
✅ Chrome başlatıldı!
📡 https://www.iddaa.com/program/futbol?date=04.05.2026
   ⏳ Maçlar yükleniyor (max 30sn)...
   ⚠️ Maç bulunamadı (timeout)
   ❌ Maç bulunamadı!

============================================================
📊 FİNAL SONUÇ
   ⚽ Toplam maç: 0
   ⏱️ Süre: 0:00:35.505190
============================================================
[main 7b7b208] Otomatik oran guncelleme Pzt 04.05.2026  7:10:39,46
 1 file changed, 22 insertions(+), 2 deletions(-)
To https://github.com/yusufkocbiotek-sketch/iddiayusuf.git
   b20f88e..7b7b208  main -> main
TAMAMLANDI 
 
========================================== 
ORAN GUNCELLEME BASLADI 
Tarih Saat: Pzt 04.05.2026  7:20:01,63 
========================================== 
⚽ İddaa Oran Çekici - BUGÜNÜN TÜM MAÇLARI
📅 04/05/2026 07:20
============================================================
🌐 Chrome başlatılıyor...
✅ Chrome başlatıldı!
📡 https://www.iddaa.com/program/futbol?date=04.05.2026
   ⏳ Maçlar yükleniyor (max 30sn)...
   ✅ 10 maç bulundu

🔍 Maç isimleri toplanıyor...
   📋 10 maç bulundu:
      1. PSM Makassar vs Bhayangkara
      2. Persib Bandung vs Psim Yogyakarta
      3. Wolaita Dicha SC vs Hadiya Hossana FC
      4. Mashujaa FC vs Tabora United FC
      5. Persijap Jepara vs Persija Jakarta
      6. Aston Villa (K) vs West Ham United (K)
      7. Huddersfield Town U21 vs Bournemouth U21
      8. Peterborough United U21 vs Nottingham Forest U21
      9. Defence Force FC vs Adama City FC
      10. Hawassa Kenema SC vs Sheger Ketema

🔽 Maçlar tek tek açılıyor...

   [1/10] PSM Makassar vs Bhayangkara
      ⏳ Deneme 1 başarısız, 30sn sonra tekrar...
      ⏳ Deneme 2 başarısız, 30sn sonra tekrar...
      ❌ 3 deneme de başarısız oldu
      📊 Toplam 0 oran
   [2/10] Persib Bandung vs Psim Yogyakarta
      ⏳ Deneme 1 başarısız, 30sn sonra tekrar...
      ⏳ Deneme 2 başarısız, 30sn sonra tekrar...
      ❌ 3 deneme de başarısız oldu
      📊 Toplam 0 oran
   [3/10] Wolaita Dicha SC vs Hadiya Hossana FC
      ⏳ Deneme 1 başarısız, 30sn sonra tekrar...
      ⏳ Deneme 2 başarısız, 30sn sonra tekrar...
      ❌ 3 deneme de başarısız oldu
      📊 Toplam 0 oran
   [4/10] Mashujaa FC vs Tabora United FC
      ⏳ Deneme 1 başarısız, 30sn sonra tekrar...
      ⏳ Deneme 2 başarısız, 30sn sonra tekrar...
      ❌ 3 deneme de başarısız oldu
      📊 Toplam 0 oran
   [5/10] Persijap Jepara vs Persija Jakarta
      ⏳ Deneme 1 başarısız, 30sn sonra tekrar...
      ⏳ Deneme 2 başarısız, 30sn sonra tekrar...
      ❌ 3 deneme de başarısız oldu
      📊 Toplam 0 oran
   [6/10] Aston Villa (K) vs West Ham United (K)
      ⏳ Deneme 1 başarısız, 30sn sonra tekrar...
      ⏳ Deneme 2 başarısız, 30sn sonra tekrar...
      ❌ 3 deneme de başarısız oldu
      📊 Toplam 0 oran
   [7/10] Huddersfield Town U21 vs Bournemouth U21
      ⏳ Deneme 1 başarısız, 30sn sonra tekrar...
      ⏳ Deneme 2 başarısız, 30sn sonra tekrar...
      ❌ 3 deneme de başarısız oldu
      📊 Toplam 0 oran
   [8/10] Peterborough United U21 vs Nottingham Forest U21
      ⏳ Deneme 1 başarısız, 30sn sonra tekrar...
      ⏳ Deneme 2 başarısız, 30sn sonra tekrar...
      ❌ 3 deneme de başarısız oldu
      📊 Toplam 0 oran
   [9/10] Defence Force FC vs Adama City FC
      ⏳ Deneme 1 başarısız, 30sn sonra tekrar...
      ⏳ Deneme 2 başarısız, 30sn sonra tekrar...
      ✅ 37 detay oran çekildi
      📊 Toplam 37 oran
   [10/10] Hawassa Kenema SC vs Sheger Ketema
      ⏳ Deneme 1 başarısız, 30sn sonra tekrar...
      ⏳ Deneme 2 başarısız, 30sn sonra tekrar...
      ❌ 3 deneme de başarısız oldu
      📊 Toplam 0 oran
   💾 Toplam 382 maç kaydedildi
   💾 10 maç kaydedildi (✅1 ❌9)

============================================================
📊 FİNAL SONUÇ
   ⚽ Toplam maç: 10
   📊 Toplam oran: 37
   📊 Ortalama: 3 oran/maç
   ✅ Detaylı: 1
   ⏱️ Süre: 0:16:05.095518
============================================================
   💾 Toplam 382 maç kaydedildi

🎉 İşlem tamamlandı!

📌 GitHub'a yükleyin:
   git add -A
   git commit -m "Oranlar guncellendi"
   git push
[main 4d622b2] Otomatik oran guncelleme Pzt 04.05.2026  7:36:09,24
 2 files changed, 56 insertions(+), 86 deletions(-)
To https://github.com/yusufkocbiotek-sketch/iddiayusuf.git
   7b7b208..4d622b2  main -> main
TAMAMLANDI 
 
========================================== 
ORAN GUNCELLEME BASLADI 
Tarih Saat: Pzt 04.05.2026  7:40:01,63 
========================================== 
⚽ İddaa Oran Çekici - BUGÜNÜN TÜM MAÇLARI
📅 04/05/2026 07:40
============================================================
🌐 Chrome başlatılıyor...
✅ Chrome başlatıldı!
📡 https://www.iddaa.com/program/futbol?date=04.05.2026
   ⏳ Maçlar yükleniyor (max 30sn)...
   ⚠️ Maç bulunamadı (timeout)
   ❌ Maç bulunamadı!

============================================================
📊 FİNAL SONUÇ
   ⚽ Toplam maç: 0
   ⏱️ Süre: 0:00:33.767035
============================================================
[main 1d3d223] Otomatik oran guncelleme Pzt 04.05.2026  7:40:37,70
 2 files changed, 369 insertions(+), 85 deletions(-)
 create mode 100644 SKOR JSON YEDEK.txt
To https://github.com/yusufkocbiotek-sketch/iddiayusuf.git
   4d622b2..1d3d223  main -> main
TAMAMLANDI 
 
========================================== 
ORAN GUNCELLEME BASLADI 
Tarih Saat: Pzt 04.05.2026  7:50:01,63 
========================================== 
⚽ İddaa Oran Çekici - BUGÜNÜN TÜM MAÇLARI
📅 04/05/2026 07:50
============================================================
🌐 Chrome başlatılıyor...
✅ Chrome başlatıldı!
📡 https://www.iddaa.com/program/futbol?date=04.05.2026
   ⏳ Maçlar yükleniyor (max 30sn)...
   ✅ 10 maç bulundu

🔍 Maç isimleri toplanıyor...
   📋 10 maç bulundu:
      1. PSM Makassar vs Bhayangkara
      2. Persib Bandung vs Psim Yogyakarta
      3. Wolaita Dicha SC vs Hadiya Hossana FC
      4. Mashujaa FC vs Tabora United FC
      5. Persijap Jepara vs Persija Jakarta
      6. Aston Villa (K) vs West Ham United (K)
      7. Huddersfield Town U21 vs Bournemouth U21
      8. Peterborough United U21 vs Nottingham Forest U21
      9. Defence Force FC vs Adama City FC
      10. Hawassa Kenema SC vs Sheger Ketema

🔽 Maçlar tek tek açılıyor...

   [1/10] PSM Makassar vs Bhayangkara
      ✅ 40 detay oran çekildi
      📊 Toplam 47 oran
   [2/10] Persib Bandung vs Psim Yogyakarta
      ✅ 35 detay oran çekildi
      📊 Toplam 42 oran
   [3/10] Wolaita Dicha SC vs Hadiya Hossana FC
      ✅ 37 detay oran çekildi
      📊 Toplam 37 oran
   [4/10] Mashujaa FC vs Tabora United FC
      ✅ 38 detay oran çekildi
      📊 Toplam 38 oran
   [5/10] Persijap Jepara vs Persija Jakarta
      ✅ 38 detay oran çekildi
      📊 Toplam 45 oran
   [6/10] Aston Villa (K) vs West Ham United (K)
      ✅ 40 detay oran çekildi
      📊 Toplam 47 oran
   [7/10] Huddersfield Town U21 vs Bournemouth U21
      ✅ 40 detay oran çekildi
      📊 Toplam 40 oran
   [8/10] Peterborough United U21 vs Nottingham Forest U21
      ✅ 40 detay oran çekildi
      📊 Toplam 40 oran
   [9/10] Defence Force FC vs Adama City FC
      ✅ 37 detay oran çekildi
      📊 Toplam 37 oran
   [10/10] Hawassa Kenema SC vs Sheger Ketema
      ✅ 38 detay oran çekildi
      📊 Toplam 38 oran
   💾 Toplam 382 maç kaydedildi
   💾 10 maç kaydedildi (✅10 ❌0)

============================================================
📊 FİNAL SONUÇ
   ⚽ Toplam maç: 10
   📊 Toplam oran: 411
   📊 Ortalama: 41 oran/maç
   ✅ Detaylı: 10
   ⏱️ Süre: 0:04:13.104941
============================================================
   💾 Toplam 382 maç kaydedildi

🎉 İşlem tamamlandı!

📌 GitHub'a yükleyin:
   git add -A
   git commit -m "Oranlar guncellendi"
   git push
[main 7e8c2d5] Otomatik oran guncelleme Pzt 04.05.2026  7:54:17,11
 1 file changed, 567 insertions(+), 184 deletions(-)
To https://github.com/yusufkocbiotek-sketch/iddiayusuf.git
   63904a4..7e8c2d5  main -> main
TAMAMLANDI 
 
========================================== 
ORAN GUNCELLEME BASLADI 
Tarih Saat: Pzt 04.05.2026  8:00:01,63 
========================================== 
⚽ İddaa Oran Çekici - BUGÜNÜN TÜM MAÇLARI
📅 04/05/2026 08:00
============================================================
🌐 Chrome başlatılıyor...
✅ Chrome başlatıldı!
📡 https://www.iddaa.com/program/futbol?date=04.05.2026
   ⏳ Maçlar yükleniyor (max 30sn)...
   ✅ 10 maç bulundu

🔍 Maç isimleri toplanıyor...
   📋 10 maç bulundu:
      1. PSM Makassar vs Bhayangkara
      2. Persib Bandung vs Psim Yogyakarta
      3. Wolaita Dicha SC vs Hadiya Hossana FC
      4. Mashujaa FC vs Tabora United FC
      5. Persijap Jepara vs Persija Jakarta
      6. Aston Villa (K) vs West Ham United (K)
      7. Huddersfield Town U21 vs Bournemouth U21
      8. Peterborough United U21 vs Nottingham Forest U21
      9. Defence Force FC vs Adama City FC
      10. Hawassa Kenema SC vs Sheger Ketema

🔽 Maçlar tek tek açılıyor...

   [1/10] PSM Makassar vs Bhayangkara
      ✅ 40 detay oran çekildi
      📊 Toplam 47 oran
   [2/10] Persib Bandung vs Psim Yogyakarta
      ✅ 35 detay oran çekildi
      📊 Toplam 42 oran
   [3/10] Wolaita Dicha SC vs Hadiya Hossana FC
      ✅ 37 detay oran çekildi
      📊 Toplam 37 oran
   [4/10] Mashujaa FC vs Tabora United FC
      ✅ 38 detay oran çekildi
      📊 Toplam 38 oran
   [5/10] Persijap Jepara vs Persija Jakarta
      ✅ 38 detay oran çekildi
      📊 Toplam 45 oran
   [6/10] Aston Villa (K) vs West Ham United (K)
      ✅ 40 detay oran çekildi
      📊 Toplam 47 oran
   [7/10] Huddersfield Town U21 vs Bournemouth U21
      ✅ 40 detay oran çekildi
      📊 Toplam 40 oran
   [8/10] Peterborough United U21 vs Nottingham Forest U21
      ✅ 40 detay oran çekildi
      📊 Toplam 40 oran
   [9/10] Defence Force FC vs Adama City FC
      ✅ 37 detay oran çekildi
      📊 Toplam 37 oran
   [10/10] Hawassa Kenema SC vs Sheger Ketema
      ✅ 38 detay oran çekildi
      📊 Toplam 38 oran
   💾 Toplam 382 maç kaydedildi
   💾 10 maç kaydedildi (✅10 ❌0)

============================================================
📊 FİNAL SONUÇ
   ⚽ Toplam maç: 10
   📊 Toplam oran: 411
   📊 Ortalama: 41 oran/maç
   ✅ Detaylı: 10
   ⏱️ Süre: 0:04:17.098789
============================================================
   💾 Toplam 382 maç kaydedildi

🎉 İşlem tamamlandı!

📌 GitHub'a yükleyin:
   git add -A
   git commit -m "Oranlar guncellendi"
   git push
[main afc95fe] Otomatik oran guncelleme Pzt 04.05.2026  8:04:21,10
 1 file changed, 11 insertions(+), 11 deletions(-)
To https://github.com/yusufkocbiotek-sketch/iddiayusuf.git
   7e8c2d5..afc95fe  main -> main
TAMAMLANDI 
 
========================================== 
ORAN GUNCELLEME BASLADI 
Tarih Saat: Pzt 04.05.2026  8:10:01,64 
========================================== 
⚽ İddaa Oran Çekici - BUGÜNÜN TÜM MAÇLARI
📅 04/05/2026 08:10
============================================================
🌐 Chrome başlatılıyor...
✅ Chrome başlatıldı!
📡 https://www.iddaa.com/program/futbol?date=04.05.2026
   ⏳ Maçlar yükleniyor (max 30sn)...
   ✅ 10 maç bulundu

🔍 Maç isimleri toplanıyor...
   📋 10 maç bulundu:
      1. PSM Makassar vs Bhayangkara
      2. Persib Bandung vs Psim Yogyakarta
      3. Wolaita Dicha SC vs Hadiya Hossana FC
      4. Mashujaa FC vs Tabora United FC
      5. Persijap Jepara vs Persija Jakarta
      6. Aston Villa (K) vs West Ham United (K)
      7. Huddersfield Town U21 vs Bournemouth U21
      8. Peterborough United U21 vs Nottingham Forest U21
      9. Defence Force FC vs Adama City FC
      10. Hawassa Kenema SC vs Sheger Ketema

🔽 Maçlar tek tek açılıyor...

   [1/10] PSM Makassar vs Bhayangkara
      ✅ 40 detay oran çekildi
      📊 Toplam 47 oran
   [2/10] Persib Bandung vs Psim Yogyakarta
      ✅ 35 detay oran çekildi
      📊 Toplam 42 oran
   [3/10] Wolaita Dicha SC vs Hadiya Hossana FC
      ✅ 37 detay oran çekildi
      📊 Toplam 37 oran
   [4/10] Mashujaa FC vs Tabora United FC
      ✅ 38 detay oran çekildi
      📊 Toplam 38 oran
   [5/10] Persijap Jepara vs Persija Jakarta
      ✅ 38 detay oran çekildi
      📊 Toplam 45 oran
   [6/10] Aston Villa (K) vs West Ham United (K)
      ✅ 40 detay oran çekildi
      📊 Toplam 47 oran
   [7/10] Huddersfield Town U21 vs Bournemouth U21
      ✅ 40 detay oran çekildi
      📊 Toplam 40 oran
   [8/10] Peterborough United U21 vs Nottingham Forest U21
      ✅ 40 detay oran çekildi
      📊 Toplam 40 oran
   [9/10] Defence Force FC vs Adama City FC
      ⏳ Deneme 1 başarısız, 30sn sonra tekrar...
      ⏳ Deneme 2 başarısız, 30sn sonra tekrar...
      ❌ 3 deneme de başarısız oldu
      📊 Toplam 0 oran
   [10/10] Hawassa Kenema SC vs Sheger Ketema
      ⏳ Deneme 1 başarısız, 30sn sonra tekrar...
      ⏳ Deneme 2 başarısız, 30sn sonra tekrar...
      ❌ 3 deneme de başarısız oldu
      📊 Toplam 0 oran
   💾 Toplam 382 maç kaydedildi
   💾 10 maç kaydedildi (✅8 ❌2)

============================================================
📊 FİNAL SONUÇ
   ⚽ Toplam maç: 10
   📊 Toplam oran: 336
   📊 Ortalama: 33 oran/maç
   ✅ Detaylı: 8
   ⏱️ Süre: 0:06:28.876690
============================================================
   💾 Toplam 382 maç kaydedildi

🎉 İşlem tamamlandı!

📌 GitHub'a yükleyin:
   git add -A
   git commit -m "Oranlar guncellendi"
   git push
[main 6e55782] Otomatik oran guncelleme Pzt 04.05.2026  8:16:32,90
 1 file changed, 80 insertions(+), 157 deletions(-)
To https://github.com/yusufkocbiotek-sketch/iddiayusuf.git
   afc95fe..6e55782  main -> main
TAMAMLANDI 
 
========================================== 
ORAN GUNCELLEME BASLADI 
Tarih Saat: Pzt 04.05.2026  8:20:01,63 
========================================== 
⚽ İddaa Oran Çekici - BUGÜNÜN TÜM MAÇLARI
📅 04/05/2026 08:20
============================================================
🌐 Chrome başlatılıyor...
✅ Chrome başlatıldı!
📡 https://www.iddaa.com/program/futbol?date=04.05.2026
   ⏳ Maçlar yükleniyor (max 30sn)...
   ✅ 9 maç bulundu

🔍 Maç isimleri toplanıyor...
   📋 9 maç bulundu:
      1. PSM Makassar vs Bhayangkara
      2. Persib Bandung vs Psim Yogyakarta
      3. Wolaita Dicha SC vs Hadiya Hossana FC
      4. Mashujaa FC vs Tabora United FC
      5. Persijap Jepara vs Persija Jakarta
      6. Mardin 1969 Spor vs Kahramanmaraş İstiklal
      7. Aston Villa (K) vs West Ham United (K)
      8. Huddersfield Town U21 vs Bournemouth U21
      9. Peterborough United U21 vs Nottingham Forest U21

🔽 Maçlar tek tek açılıyor...

   [1/9] PSM Makassar vs Bhayangkara
      ✅ 40 detay oran çekildi
      📊 Toplam 47 oran
   [2/9] Persib Bandung vs Psim Yogyakarta
      ✅ 35 detay oran çekildi
      📊 Toplam 42 oran
   [3/9] Wolaita Dicha SC vs Hadiya Hossana FC
      ✅ 37 detay oran çekildi
      📊 Toplam 37 oran
   [4/9] Mashujaa FC vs Tabora United FC
      ✅ 38 detay oran çekildi
      📊 Toplam 38 oran
   [5/9] Persijap Jepara vs Persija Jakarta
      ✅ 38 detay oran çekildi
      📊 Toplam 45 oran
   [6/9] Mardin 1969 Spor vs Kahramanmaraş İstiklal
      ✅ 3 detay oran çekildi
      📊 Toplam 3 oran
   [7/9] Aston Villa (K) vs West Ham United (K)
      ✅ 40 detay oran çekildi
      📊 Toplam 47 oran
   [8/9] Huddersfield Town U21 vs Bournemouth U21
      ✅ 40 detay oran çekildi
      📊 Toplam 40 oran
   [9/9] Peterborough United U21 vs Nottingham Forest U21
      ✅ 40 detay oran çekildi
      📊 Toplam 40 oran

============================================================
📊 FİNAL SONUÇ
   ⚽ Toplam maç: 9
   📊 Toplam oran: 339
   📊 Ortalama: 37 oran/maç
   ✅ Detaylı: 8
   ⏱️ Süre: 0:03:47.313557
============================================================
   💾 Toplam 383 maç kaydedildi

🎉 İşlem tamamlandı!

📌 GitHub'a yükleyin:
   git add -A
   git commit -m "Oranlar guncellendi"
   git push
[main ff3a3f2] Otomatik oran guncelleme Pzt 04.05.2026  8:23:51,35
 1 file changed, 66 insertions(+), 45 deletions(-)
To https://github.com/yusufkocbiotek-sketch/iddiayusuf.git
   6e55782..ff3a3f2  main -> main
TAMAMLANDI 
 
========================================== 
ORAN GUNCELLEME BASLADI 
Tarih Saat: Pzt 04.05.2026  8:30:01,62 
========================================== 
⚽ İddaa Oran Çekici - BUGÜNÜN TÜM MAÇLARI
📅 04/05/2026 08:30
============================================================
🌐 Chrome başlatılıyor...
✅ Chrome başlatıldı!
📡 https://www.iddaa.com/program/futbol?date=04.05.2026
   ⏳ Maçlar yükleniyor (max 30sn)...
   ✅ 9 maç bulundu

🔍 Maç isimleri toplanıyor...
   📋 9 maç bulundu:
      1. PSM Makassar vs Bhayangkara
      2. Persib Bandung vs Psim Yogyakarta
      3. Wolaita Dicha SC vs Hadiya Hossana FC
      4. Mashujaa FC vs Tabora United FC
      5. Persijap Jepara vs Persija Jakarta
      6. Mardin 1969 Spor vs Kahramanmaraş İstiklal
      7. Aston Villa (K) vs West Ham United (K)
      8. Huddersfield Town U21 vs Bournemouth U21
      9. Peterborough United U21 vs Nottingham Forest U21

🔽 Maçlar tek tek açılıyor...

   [1/9] PSM Makassar vs Bhayangkara
      ✅ 40 detay oran çekildi
      📊 Toplam 47 oran
   [2/9] Persib Bandung vs Psim Yogyakarta
      ✅ 35 detay oran çekildi
      📊 Toplam 42 oran
   [3/9] Wolaita Dicha SC vs Hadiya Hossana FC
      ✅ 37 detay oran çekildi
      📊 Toplam 37 oran
   [4/9] Mashujaa FC vs Tabora United FC
      ✅ 38 detay oran çekildi
      📊 Toplam 38 oran
   [5/9] Persijap Jepara vs Persija Jakarta
      ✅ 38 detay oran çekildi
      📊 Toplam 45 oran
   [6/9] Mardin 1969 Spor vs Kahramanmaraş İstiklal
      ✅ 3 detay oran çekildi
      📊 Toplam 3 oran
   [7/9] Aston Villa (K) vs West Ham United (K)
      ✅ 40 detay oran çekildi
      📊 Toplam 47 oran
   [8/9] Huddersfield Town U21 vs Bournemouth U21
      ✅ 40 detay oran çekildi
      📊 Toplam 40 oran
   [9/9] Peterborough United U21 vs Nottingham Forest U21
      ✅ 40 detay oran çekildi
      📊 Toplam 40 oran

============================================================
📊 FİNAL SONUÇ
   ⚽ Toplam maç: 9
   📊 Toplam oran: 339
   📊 Ortalama: 37 oran/maç
   ✅ Detaylı: 8
   ⏱️ Süre: 0:03:47.967306
============================================================
   💾 Toplam 383 maç kaydedildi

🎉 İşlem tamamlandı!

📌 GitHub'a yükleyin:
   git add -A
   git commit -m "Oranlar guncellendi"
   git push
[main 4f9b539] Otomatik oran guncelleme Pzt 04.05.2026  8:33:51,97
 1 file changed, 44 insertions(+), 44 deletions(-)
To https://github.com/yusufkocbiotek-sketch/iddiayusuf.git
   ff3a3f2..4f9b539  main -> main
TAMAMLANDI 
 
========================================== 
ORAN GUNCELLEME BASLADI 
Tarih Saat: Pzt 04.05.2026  8:40:01,64 
========================================== 
⚽ İddaa Oran Çekici - BUGÜNÜN TÜM MAÇLARI
📅 04/05/2026 08:40
============================================================
🌐 Chrome başlatılıyor...
✅ Chrome başlatıldı!
📡 https://www.iddaa.com/program/futbol?date=04.05.2026
   ⏳ Maçlar yükleniyor (max 30sn)...
   ✅ 9 maç bulundu

🔍 Maç isimleri toplanıyor...
   📋 9 maç bulundu:
      1. PSM Makassar vs Bhayangkara
      2. Persib Bandung vs Psim Yogyakarta
      3. Wolaita Dicha SC vs Hadiya Hossana FC
      4. Mashujaa FC vs Tabora United FC
      5. Persijap Jepara vs Persija Jakarta
      6. Mardin 1969 Spor vs Kahramanmaraş İstiklal
      7. Aston Villa (K) vs West Ham United (K)
      8. Huddersfield Town U21 vs Bournemouth U21
      9. Peterborough United U21 vs Nottingham Forest U21

🔽 Maçlar tek tek açılıyor...

   [1/9] PSM Makassar vs Bhayangkara
      ✅ 40 detay oran çekildi
      📊 Toplam 47 oran
   [2/9] Persib Bandung vs Psim Yogyakarta
      ✅ 35 detay oran çekildi
      📊 Toplam 42 oran
   [3/9] Wolaita Dicha SC vs Hadiya Hossana FC
      ✅ 37 detay oran çekildi
      📊 Toplam 37 oran
   [4/9] Mashujaa FC vs Tabora United FC
      ✅ 38 detay oran çekildi
      📊 Toplam 38 oran
   [5/9] Persijap Jepara vs Persija Jakarta
      ✅ 38 detay oran çekildi
      📊 Toplam 45 oran
   [6/9] Mardin 1969 Spor vs Kahramanmaraş İstiklal
      ✅ 3 detay oran çekildi
      📊 Toplam 3 oran
   [7/9] Aston Villa (K) vs West Ham United (K)
      ✅ 40 detay oran çekildi
      📊 Toplam 47 oran
   [8/9] Huddersfield Town U21 vs Bournemouth U21
      ✅ 40 detay oran çekildi
      📊 Toplam 40 oran
   [9/9] Peterborough United U21 vs Nottingham Forest U21
      ✅ 40 detay oran çekildi
      📊 Toplam 40 oran

============================================================
📊 FİNAL SONUÇ
   ⚽ Toplam maç: 9
   📊 Toplam oran: 339
   📊 Ortalama: 37 oran/maç
   ✅ Detaylı: 8
   ⏱️ Süre: 0:03:48.061976
============================================================
   💾 Toplam 383 maç kaydedildi

🎉 İşlem tamamlandı!

📌 GitHub'a yükleyin:
   git add -A
   git commit -m "Oranlar guncellendi"
   git push
[main fa01ca3] Otomatik oran guncelleme Pzt 04.05.2026  8:43:52,08
 1 file changed, 73 insertions(+), 73 deletions(-)
To https://github.com/yusufkocbiotek-sketch/iddiayusuf.git
   4f9b539..fa01ca3  main -> main
TAMAMLANDI 
 
========================================== 
ORAN GUNCELLEME BASLADI 
Tarih Saat: Pzt 04.05.2026  8:50:01,62 
========================================== 
⚽ İddaa Oran Çekici - BUGÜNÜN TÜM MAÇLARI
📅 04/05/2026 08:50
============================================================
🌐 Chrome başlatılıyor...
✅ Chrome başlatıldı!
📡 https://www.iddaa.com/program/futbol?date=04.05.2026
   ⏳ Maçlar yükleniyor (max 30sn)...
   ✅ 9 maç bulundu

🔍 Maç isimleri toplanıyor...
   📋 9 maç bulundu:
      1. PSM Makassar vs Bhayangkara
      2. Persib Bandung vs Psim Yogyakarta
      3. Wolaita Dicha SC vs Hadiya Hossana FC
      4. Mashujaa FC vs Tabora United FC
      5. Persijap Jepara vs Persija Jakarta
      6. Mardin 1969 Spor vs Kahramanmaraş İstiklal
      7. Aston Villa (K) vs West Ham United (K)
      8. Huddersfield Town U21 vs Bournemouth U21
      9. Peterborough United U21 vs Nottingham Forest U21

🔽 Maçlar tek tek açılıyor...

   [1/9] PSM Makassar vs Bhayangkara
      ✅ 40 detay oran çekildi
      📊 Toplam 47 oran
   [2/9] Persib Bandung vs Psim Yogyakarta
      ✅ 33 detay oran çekildi
      📊 Toplam 33 oran
   [3/9] Wolaita Dicha SC vs Hadiya Hossana FC
      ✅ 37 detay oran çekildi
      📊 Toplam 37 oran
   [4/9] Mashujaa FC vs Tabora United FC
      ✅ 38 detay oran çekildi
      📊 Toplam 38 oran
   [5/9] Persijap Jepara vs Persija Jakarta
      ✅ 38 detay oran çekildi
      📊 Toplam 45 oran
   [6/9] Mardin 1969 Spor vs Kahramanmaraş İstiklal
      ✅ 3 detay oran çekildi
      📊 Toplam 3 oran
   [7/9] Aston Villa (K) vs West Ham United (K)
      ✅ 40 detay oran çekildi
      📊 Toplam 47 oran
   [8/9] Huddersfield Town U21 vs Bournemouth U21
      ✅ 40 detay oran çekildi
      📊 Toplam 40 oran
   [9/9] Peterborough United U21 vs Nottingham Forest U21
      ✅ 40 detay oran çekildi
      📊 Toplam 40 oran

============================================================
📊 FİNAL SONUÇ
   ⚽ Toplam maç: 9
   📊 Toplam oran: 330
   📊 Ortalama: 36 oran/maç
   ✅ Detaylı: 8
   ⏱️ Süre: 0:03:47.339502
============================================================
   💾 Toplam 383 maç kaydedildi

🎉 İşlem tamamlandı!

📌 GitHub'a yükleyin:
   git add -A
   git commit -m "Oranlar guncellendi"
   git push
[main 88f3e1e] Otomatik oran guncelleme Pzt 04.05.2026  8:53:51,34
 1 file changed, 76 insertions(+), 85 deletions(-)
To https://github.com/yusufkocbiotek-sketch/iddiayusuf.git
   fa01ca3..88f3e1e  main -> main
TAMAMLANDI 
 
========================================== 
ORAN GUNCELLEME BASLADI 
Tarih Saat: Pzt 04.05.2026  9:00:01,64 
========================================== 
⚽ İddaa Oran Çekici - BUGÜNÜN TÜM MAÇLARI
📅 04/05/2026 09:00
============================================================
🌐 Chrome başlatılıyor...
✅ Chrome başlatıldı!
📡 https://www.iddaa.com/program/futbol?date=04.05.2026
   ⏳ Maçlar yükleniyor (max 30sn)...
   ✅ 9 maç bulundu

🔍 Maç isimleri toplanıyor...
   📋 9 maç bulundu:
      1. PSM Makassar vs Bhayangkara
      2. Persib Bandung vs Psim Yogyakarta
      3. Wolaita Dicha SC vs Hadiya Hossana FC
      4. Mashujaa FC vs Tabora United FC
      5. Persijap Jepara vs Persija Jakarta
      6. Mardin 1969 Spor vs Kahramanmaraş İstiklal
      7. Aston Villa (K) vs West Ham United (K)
      8. Huddersfield Town U21 vs Bournemouth U21
      9. Peterborough United U21 vs Nottingham Forest U21

🔽 Maçlar tek tek açılıyor...

   [1/9] PSM Makassar vs Bhayangkara
      ✅ 40 detay oran çekildi
      📊 Toplam 47 oran
   [2/9] Persib Bandung vs Psim Yogyakarta
      ✅ 35 detay oran çekildi
      📊 Toplam 35 oran
   [3/9] Wolaita Dicha SC vs Hadiya Hossana FC
      ✅ 37 detay oran çekildi
      📊 Toplam 37 oran
   [4/9] Mashujaa FC vs Tabora United FC
      ✅ 38 detay oran çekildi
      📊 Toplam 38 oran
   [5/9] Persijap Jepara vs Persija Jakarta
      ✅ 38 detay oran çekildi
      📊 Toplam 45 oran
   [6/9] Mardin 1969 Spor vs Kahramanmaraş İstiklal
      ✅ 3 detay oran çekildi
      📊 Toplam 3 oran
   [7/9] Aston Villa (K) vs West Ham United (K)
      ✅ 40 detay oran çekildi
      📊 Toplam 47 oran
   [8/9] Huddersfield Town U21 vs Bournemouth U21
      ✅ 40 detay oran çekildi
      📊 Toplam 40 oran
   [9/9] Peterborough United U21 vs Nottingham Forest U21
      ✅ 40 detay oran çekildi
      📊 Toplam 40 oran

============================================================
📊 FİNAL SONUÇ
   ⚽ Toplam maç: 9
   📊 Toplam oran: 332
   📊 Ortalama: 36 oran/maç
   ✅ Detaylı: 8
   ⏱️ Süre: 0:03:47.863905
============================================================
   💾 Toplam 383 maç kaydedildi

🎉 İşlem tamamlandı!

📌 GitHub'a yükleyin:
   git add -A
   git commit -m "Oranlar guncellendi"
   git push
[main 7f92dcf] Otomatik oran guncelleme Pzt 04.05.2026  9:03:51,89
 1 file changed, 32 insertions(+), 30 deletions(-)
To https://github.com/yusufkocbiotek-sketch/iddiayusuf.git
   88f3e1e..7f92dcf  main -> main
TAMAMLANDI 
 
========================================== 
ORAN GUNCELLEME BASLADI 
Tarih Saat: Pzt 04.05.2026  9:10:01,62 
========================================== 
⚽ İddaa Oran Çekici - BUGÜNÜN TÜM MAÇLARI
📅 04/05/2026 09:10
============================================================
🌐 Chrome başlatılıyor...
✅ Chrome başlatıldı!
📡 https://www.iddaa.com/program/futbol?date=04.05.2026
   ⏳ Maçlar yükleniyor (max 30sn)...
   ✅ 9 maç bulundu

🔍 Maç isimleri toplanıyor...
   📋 9 maç bulundu:
      1. PSM Makassar vs Bhayangkara
      2. Persib Bandung vs Psim Yogyakarta
      3. Wolaita Dicha SC vs Hadiya Hossana FC
      4. Mashujaa FC vs Tabora United FC
      5. Persijap Jepara vs Persija Jakarta
      6. Mardin 1969 Spor vs Kahramanmaraş İstiklal
      7. Aston Villa (K) vs West Ham United (K)
      8. Huddersfield Town U21 vs Bournemouth U21
      9. Peterborough United U21 vs Nottingham Forest U21

🔽 Maçlar tek tek açılıyor...

   [1/9] PSM Makassar vs Bhayangkara
      ✅ 40 detay oran çekildi
      📊 Toplam 47 oran
   [2/9] Persib Bandung vs Psim Yogyakarta
      ✅ 35 detay oran çekildi
      📊 Toplam 35 oran
   [3/9] Wolaita Dicha SC vs Hadiya Hossana FC
      ✅ 37 detay oran çekildi
      📊 Toplam 37 oran
   [4/9] Mashujaa FC vs Tabora United FC
      ✅ 38 detay oran çekildi
      📊 Toplam 38 oran
   [5/9] Persijap Jepara vs Persija Jakarta
      ✅ 38 detay oran çekildi
      📊 Toplam 45 oran
   [6/9] Mardin 1969 Spor vs Kahramanmaraş İstiklal
      ✅ 3 detay oran çekildi
      📊 Toplam 3 oran
   [7/9] Aston Villa (K) vs West Ham United (K)
      ✅ 40 detay oran çekildi
      📊 Toplam 47 oran
   [8/9] Huddersfield Town U21 vs Bournemouth U21
      ✅ 40 detay oran çekildi
      📊 Toplam 40 oran
   [9/9] Peterborough United U21 vs Nottingham Forest U21
      ✅ 40 detay oran çekildi
      📊 Toplam 40 oran

============================================================
📊 FİNAL SONUÇ
   ⚽ Toplam maç: 9
   📊 Toplam oran: 332
   📊 Ortalama: 36 oran/maç
   ✅ Detaylı: 8
   ⏱️ Süre: 0:03:48.895275
============================================================
   💾 Toplam 383 maç kaydedildi

🎉 İşlem tamamlandı!

📌 GitHub'a yükleyin:
   git add -A
   git commit -m "Oranlar guncellendi"
   git push
[main 2ac72cf] Otomatik oran guncelleme Pzt 04.05.2026  9:13:52,90
 1 file changed, 10 insertions(+), 10 deletions(-)
To https://github.com/yusufkocbiotek-sketch/iddiayusuf.git
   7f92dcf..2ac72cf  main -> main
TAMAMLANDI 
 
========================================== 
ORAN GUNCELLEME BASLADI 
Tarih Saat: Pzt 04.05.2026  9:20:01,64 
========================================== 
⚽ İddaa Oran Çekici - BUGÜNÜN TÜM MAÇLARI
📅 04/05/2026 09:20
============================================================
🌐 Chrome başlatılıyor...
✅ Chrome başlatıldı!
📡 https://www.iddaa.com/program/futbol?date=04.05.2026
   ⏳ Maçlar yükleniyor (max 30sn)...
   ✅ 9 maç bulundu

🔍 Maç isimleri toplanıyor...
   📋 9 maç bulundu:
      1. PSM Makassar vs Bhayangkara
      2. Persib Bandung vs Psim Yogyakarta
      3. Wolaita Dicha SC vs Hadiya Hossana FC
      4. Mashujaa FC vs Tabora United FC
      5. Persijap Jepara vs Persija Jakarta
      6. Mardin 1969 Spor vs Kahramanmaraş İstiklal
      7. Aston Villa (K) vs West Ham United (K)
      8. Huddersfield Town U21 vs Bournemouth U21
      9. Peterborough United U21 vs Nottingham Forest U21

🔽 Maçlar tek tek açılıyor...

   [1/9] PSM Makassar vs Bhayangkara
      ✅ 40 detay oran çekildi
      📊 Toplam 47 oran
   [2/9] Persib Bandung vs Psim Yogyakarta
      ✅ 35 detay oran çekildi
      📊 Toplam 35 oran
   [3/9] Wolaita Dicha SC vs Hadiya Hossana FC
      ✅ 37 detay oran çekildi
      📊 Toplam 37 oran
   [4/9] Mashujaa FC vs Tabora United FC
      ✅ 38 detay oran çekildi
      📊 Toplam 38 oran
   [5/9] Persijap Jepara vs Persija Jakarta
      ✅ 38 detay oran çekildi
      📊 Toplam 45 oran
   [6/9] Mardin 1969 Spor vs Kahramanmaraş İstiklal
      ✅ 3 detay oran çekildi
      📊 Toplam 3 oran
   [7/9] Aston Villa (K) vs West Ham United (K)
      ✅ 40 detay oran çekildi
      📊 Toplam 47 oran
   [8/9] Huddersfield Town U21 vs Bournemouth U21
      ✅ 40 detay oran çekildi
      📊 Toplam 40 oran
   [9/9] Peterborough United U21 vs Nottingham Forest U21
      ✅ 40 detay oran çekildi
      📊 Toplam 40 oran

============================================================
📊 FİNAL SONUÇ
   ⚽ Toplam maç: 9
   📊 Toplam oran: 332
   📊 Ortalama: 36 oran/maç
   ✅ Detaylı: 8
   ⏱️ Süre: 0:03:47.888141
============================================================
   💾 Toplam 383 maç kaydedildi

🎉 İşlem tamamlandı!

📌 GitHub'a yükleyin:
   git add -A
   git commit -m "Oranlar guncellendi"
   git push
[main fad3e30] Otomatik oran guncelleme Pzt 04.05.2026  9:23:51,92
 1 file changed, 44 insertions(+), 44 deletions(-)
To https://github.com/yusufkocbiotek-sketch/iddiayusuf.git
   2ac72cf..fad3e30  main -> main
TAMAMLANDI 
 
========================================== 
ORAN GUNCELLEME BASLADI 
Tarih Saat: Pzt 04.05.2026  9:30:01,64 
========================================== 
⚽ İddaa Oran Çekici - BUGÜNÜN TÜM MAÇLARI
📅 04/05/2026 09:30
============================================================
🌐 Chrome başlatılıyor...
✅ Chrome başlatıldı!
📡 https://www.iddaa.com/program/futbol?date=04.05.2026
   ⏳ Maçlar yükleniyor (max 30sn)...
   ✅ 9 maç bulundu

🔍 Maç isimleri toplanıyor...
   📋 9 maç bulundu:
      1. PSM Makassar vs Bhayangkara
      2. Persib Bandung vs Psim Yogyakarta
      3. Wolaita Dicha SC vs Hadiya Hossana FC
      4. Mashujaa FC vs Tabora United FC
      5. Persijap Jepara vs Persija Jakarta
      6. Mardin 1969 Spor vs Kahramanmaraş İstiklal
      7. Aston Villa (K) vs West Ham United (K)
      8. Huddersfield Town U21 vs Bournemouth U21
      9. Peterborough United U21 vs Nottingham Forest U21

🔽 Maçlar tek tek açılıyor...

   [1/9] PSM Makassar vs Bhayangkara
      ✅ 40 detay oran çekildi
      📊 Toplam 47 oran
   [2/9] Persib Bandung vs Psim Yogyakarta
      ✅ 35 detay oran çekildi
      📊 Toplam 35 oran
   [3/9] Wolaita Dicha SC vs Hadiya Hossana FC
      ✅ 37 detay oran çekildi
      📊 Toplam 37 oran
   [4/9] Mashujaa FC vs Tabora United FC
      ✅ 38 detay oran çekildi
      📊 Toplam 38 oran
   [5/9] Persijap Jepara vs Persija Jakarta
      ✅ 38 detay oran çekildi
      📊 Toplam 45 oran
   [6/9] Mardin 1969 Spor vs Kahramanmaraş İstiklal
      ✅ 3 detay oran çekildi
      📊 Toplam 3 oran
   [7/9] Aston Villa (K) vs West Ham United (K)
      ✅ 40 detay oran çekildi
      📊 Toplam 47 oran
   [8/9] Huddersfield Town U21 vs Bournemouth U21
      ✅ 40 detay oran çekildi
      📊 Toplam 40 oran
   [9/9] Peterborough United U21 vs Nottingham Forest U21
      ✅ 40 detay oran çekildi
      📊 Toplam 40 oran

============================================================
📊 FİNAL SONUÇ
   ⚽ Toplam maç: 9
   📊 Toplam oran: 332
   📊 Ortalama: 36 oran/maç
   ✅ Detaylı: 8
   ⏱️ Süre: 0:03:47.918314
============================================================
   💾 Toplam 383 maç kaydedildi

🎉 İşlem tamamlandı!

📌 GitHub'a yükleyin:
   git add -A
   git commit -m "Oranlar guncellendi"
   git push
[main ec60b4b] Otomatik oran guncelleme Pzt 04.05.2026  9:33:51,96
 1 file changed, 36 insertions(+), 36 deletions(-)
To https://github.com/yusufkocbiotek-sketch/iddiayusuf.git
   fad3e30..ec60b4b  main -> main
TAMAMLANDI 
 
========================================== 
ORAN GUNCELLEME BASLADI 
Tarih Saat: Pzt 04.05.2026  9:40:01,64 
========================================== 
⚽ İddaa Oran Çekici - BUGÜNÜN TÜM MAÇLARI
📅 04/05/2026 09:40
============================================================
🌐 Chrome başlatılıyor...
✅ Chrome başlatıldı!
📡 https://www.iddaa.com/program/futbol?date=04.05.2026
   ⏳ Maçlar yükleniyor (max 30sn)...
   ✅ 9 maç bulundu

🔍 Maç isimleri toplanıyor...
   📋 9 maç bulundu:
      1. PSM Makassar vs Bhayangkara
      2. Persib Bandung vs Psim Yogyakarta
      3. Wolaita Dicha SC vs Hadiya Hossana FC
      4. Mashujaa FC vs Tabora United FC
      5. Persijap Jepara vs Persija Jakarta
      6. Mardin 1969 Spor vs Kahramanmaraş İstiklal
      7. Aston Villa (K) vs West Ham United (K)
      8. Huddersfield Town U21 vs Bournemouth U21
      9. Peterborough United U21 vs Nottingham Forest U21

🔽 Maçlar tek tek açılıyor...

   [1/9] PSM Makassar vs Bhayangkara
      ✅ 40 detay oran çekildi
      📊 Toplam 47 oran
   [2/9] Persib Bandung vs Psim Yogyakarta
      ✅ 35 detay oran çekildi
      📊 Toplam 35 oran
   [3/9] Wolaita Dicha SC vs Hadiya Hossana FC
      ✅ 37 detay oran çekildi
      📊 Toplam 37 oran
   [4/9] Mashujaa FC vs Tabora United FC
      ✅ 38 detay oran çekildi
      📊 Toplam 38 oran
   [5/9] Persijap Jepara vs Persija Jakarta
      ✅ 38 detay oran çekildi
      📊 Toplam 45 oran
   [6/9] Mardin 1969 Spor vs Kahramanmaraş İstiklal
      ✅ 3 detay oran çekildi
      📊 Toplam 3 oran
   [7/9] Aston Villa (K) vs West Ham United (K)
      ✅ 40 detay oran çekildi
      📊 Toplam 47 oran
   [8/9] Huddersfield Town U21 vs Bournemouth U21
      ✅ 40 detay oran çekildi
      📊 Toplam 40 oran
   [9/9] Peterborough United U21 vs Nottingham Forest U21
      ✅ 40 detay oran çekildi
      📊 Toplam 40 oran

============================================================
📊 FİNAL SONUÇ
   ⚽ Toplam maç: 9
   📊 Toplam oran: 332
   📊 Ortalama: 36 oran/maç
   ✅ Detaylı: 8
   ⏱️ Süre: 0:03:48.326640
============================================================
   💾 Toplam 383 maç kaydedildi

🎉 İşlem tamamlandı!

📌 GitHub'a yükleyin:
   git add -A
   git commit -m "Oranlar guncellendi"
   git push
[main f481aca] Otomatik oran guncelleme Pzt 04.05.2026  9:43:52,33
 1 file changed, 36 insertions(+), 36 deletions(-)
To https://github.com/yusufkocbiotek-sketch/iddiayusuf.git
   ec60b4b..f481aca  main -> main
TAMAMLANDI 
 
========================================== 
ORAN GUNCELLEME BASLADI 
Tarih Saat: Pzt 04.05.2026  9:50:01,63 
========================================== 
⚽ İddaa Oran Çekici - BUGÜNÜN TÜM MAÇLARI
📅 04/05/2026 09:50
============================================================
🌐 Chrome başlatılıyor...
✅ Chrome başlatıldı!
📡 https://www.iddaa.com/program/futbol?date=04.05.2026
   ⏳ Maçlar yükleniyor (max 30sn)...
   ✅ 9 maç bulundu

🔍 Maç isimleri toplanıyor...
   📋 9 maç bulundu:
      1. PSM Makassar vs Bhayangkara
      2. Persib Bandung vs Psim Yogyakarta
      3. Wolaita Dicha SC vs Hadiya Hossana FC
      4. Mashujaa FC vs Tabora United FC
      5. Persijap Jepara vs Persija Jakarta
      6. Mardin 1969 Spor vs Kahramanmaraş İstiklal
      7. Aston Villa (K) vs West Ham United (K)
      8. Huddersfield Town U21 vs Bournemouth U21
      9. Peterborough United U21 vs Nottingham Forest U21

🔽 Maçlar tek tek açılıyor...

   [1/9] PSM Makassar vs Bhayangkara
      ✅ 40 detay oran çekildi
      📊 Toplam 47 oran
   [2/9] Persib Bandung vs Psim Yogyakarta
      ✅ 35 detay oran çekildi
      📊 Toplam 35 oran
   [3/9] Wolaita Dicha SC vs Hadiya Hossana FC
      ✅ 37 detay oran çekildi
      📊 Toplam 37 oran
   [4/9] Mashujaa FC vs Tabora United FC
      ✅ 38 detay oran çekildi
      📊 Toplam 38 oran
   [5/9] Persijap Jepara vs Persija Jakarta
      ✅ 38 detay oran çekildi
      📊 Toplam 45 oran
   [6/9] Mardin 1969 Spor vs Kahramanmaraş İstiklal
      ✅ 3 detay oran çekildi
      📊 Toplam 3 oran
   [7/9] Aston Villa (K) vs West Ham United (K)
      ✅ 40 detay oran çekildi
      📊 Toplam 47 oran
   [8/9] Huddersfield Town U21 vs Bournemouth U21
      ✅ 40 detay oran çekildi
      📊 Toplam 40 oran
   [9/9] Peterborough United U21 vs Nottingham Forest U21
      ✅ 40 detay oran çekildi
      📊 Toplam 40 oran

============================================================
📊 FİNAL SONUÇ
   ⚽ Toplam maç: 9
   📊 Toplam oran: 332
   📊 Ortalama: 36 oran/maç
   ✅ Detaylı: 8
   ⏱️ Süre: 0:03:49.334185
============================================================
   💾 Toplam 383 maç kaydedildi

🎉 İşlem tamamlandı!

📌 GitHub'a yükleyin:
   git add -A
   git commit -m "Oranlar guncellendi"
   git push
[main 59c4edb] Otomatik oran guncelleme Pzt 04.05.2026  9:53:53,36
 1 file changed, 10 insertions(+), 10 deletions(-)
To https://github.com/yusufkocbiotek-sketch/iddiayusuf.git
   f481aca..59c4edb  main -> main
TAMAMLANDI 
 
========================================== 
ORAN GUNCELLEME BASLADI 
Tarih Saat: Pzt 04.05.2026 10:00:01,62 
========================================== 
⚽ İddaa Oran Çekici - BUGÜNÜN TÜM MAÇLARI
📅 04/05/2026 10:00
============================================================
🌐 Chrome başlatılıyor...
✅ Chrome başlatıldı!
📡 https://www.iddaa.com/program/futbol?date=04.05.2026
   ⏳ Maçlar yükleniyor (max 30sn)...
   ✅ 9 maç bulundu

🔍 Maç isimleri toplanıyor...
   📋 9 maç bulundu:
      1. PSM Makassar vs Bhayangkara
      2. Persib Bandung vs Psim Yogyakarta
      3. Wolaita Dicha SC vs Hadiya Hossana FC
      4. Mashujaa FC vs Tabora United FC
      5. Persijap Jepara vs Persija Jakarta
      6. Mardin 1969 Spor vs Kahramanmaraş İstiklal
      7. Aston Villa (K) vs West Ham United (K)
      8. Huddersfield Town U21 vs Bournemouth U21
      9. Peterborough United U21 vs Nottingham Forest U21

🔽 Maçlar tek tek açılıyor...

   [1/9] PSM Makassar vs Bhayangkara
      ✅ 40 detay oran çekildi
      📊 Toplam 47 oran
   [2/9] Persib Bandung vs Psim Yogyakarta
      ✅ 35 detay oran çekildi
      📊 Toplam 35 oran
   [3/9] Wolaita Dicha SC vs Hadiya Hossana FC
      ✅ 37 detay oran çekildi
      📊 Toplam 37 oran
   [4/9] Mashujaa FC vs Tabora United FC
      ✅ 38 detay oran çekildi
      📊 Toplam 38 oran
   [5/9] Persijap Jepara vs Persija Jakarta
      ✅ 38 detay oran çekildi
      📊 Toplam 45 oran
   [6/9] Mardin 1969 Spor vs Kahramanmaraş İstiklal
      ✅ 3 detay oran çekildi
      📊 Toplam 3 oran
   [7/9] Aston Villa (K) vs West Ham United (K)
      ✅ 40 detay oran çekildi
      📊 Toplam 47 oran
   [8/9] Huddersfield Town U21 vs Bournemouth U21
      ⏳ Deneme 1 başarısız, 30sn sonra tekrar...
      ⏳ Deneme 2 başarısız, 30sn sonra tekrar...
      ❌ 3 deneme de başarısız oldu
      📊 Toplam 0 oran
   [9/9] Peterborough United U21 vs Nottingham Forest U21
      ⏳ Deneme 1 başarısız, 30sn sonra tekrar...
      ⏳ Deneme 2 başarısız, 30sn sonra tekrar...
      ❌ 3 deneme de başarısız oldu
      📊 Toplam 0 oran

============================================================
📊 FİNAL SONUÇ
   ⚽ Toplam maç: 9
   📊 Toplam oran: 252
   📊 Ortalama: 28 oran/maç
   ✅ Detaylı: 6
   ⏱️ Süre: 0:06:02.702935
============================================================
   💾 Toplam 383 maç kaydedildi

🎉 İşlem tamamlandı!

📌 GitHub'a yükleyin:
   git add -A
   git commit -m "Oranlar guncellendi"
   git push
[main 2b91ef0] Otomatik oran guncelleme Pzt 04.05.2026 10:06:06,71
 1 file changed, 105 insertions(+), 187 deletions(-)
To https://github.com/yusufkocbiotek-sketch/iddiayusuf.git
   59c4edb..2b91ef0  main -> main
TAMAMLANDI 
 
========================================== 
ORAN GUNCELLEME BASLADI 
Tarih Saat: Pzt 04.05.2026 10:10:01,62 
========================================== 
⚽ İddaa Oran Çekici - BUGÜNÜN TÜM MAÇLARI
📅 04/05/2026 10:10
============================================================
🌐 Chrome başlatılıyor...
✅ Chrome başlatıldı!
📡 https://www.iddaa.com/program/futbol?date=04.05.2026
   ⏳ Maçlar yükleniyor (max 30sn)...
   ✅ 8 maç bulundu

🔍 Maç isimleri toplanıyor...
   📋 8 maç bulundu:
      1. PSM Makassar vs Bhayangkara
      2. Persib Bandung vs Psim Yogyakarta
      3. Wolaita Dicha SC vs Hadiya Hossana FC
      4. Mashujaa FC vs Tabora United FC
      5. Albirex Niigata Singapore FC vs Young Lions FC
      6. Persijap Jepara vs Persija Jakarta
      7. Mardin 1969 Spor vs Kahramanmaraş İstiklal
      8. Aston Villa (K) vs West Ham United (K)

🔽 Maçlar tek tek açılıyor...

   [1/8] PSM Makassar vs Bhayangkara
      ✅ 40 detay oran çekildi
      📊 Toplam 47 oran
   [2/8] Persib Bandung vs Psim Yogyakarta
      ✅ 35 detay oran çekildi
      📊 Toplam 35 oran
   [3/8] Wolaita Dicha SC vs Hadiya Hossana FC
      ✅ 37 detay oran çekildi
      📊 Toplam 37 oran
   [4/8] Mashujaa FC vs Tabora United FC
      ✅ 38 detay oran çekildi
      📊 Toplam 38 oran
   [5/8] Albirex Niigata Singapore FC vs Young Lions FC
      ✅ 2 detay oran çekildi
      📊 Toplam 2 oran
   [6/8] Persijap Jepara vs Persija Jakarta
      ✅ 38 detay oran çekildi
      📊 Toplam 45 oran
   [7/8] Mardin 1969 Spor vs Kahramanmaraş İstiklal
      ✅ 3 detay oran çekildi
      📊 Toplam 3 oran
   [8/8] Aston Villa (K) vs West Ham United (K)
      ✅ 40 detay oran çekildi
      📊 Toplam 47 oran

============================================================
📊 FİNAL SONUÇ
   ⚽ Toplam maç: 8
   📊 Toplam oran: 254
   📊 Ortalama: 31 oran/maç
   ✅ Detaylı: 6
   ⏱️ Süre: 0:03:23.536730
============================================================
   💾 Toplam 384 maç kaydedildi

🎉 İşlem tamamlandı!

📌 GitHub'a yükleyin:
   git add -A
   git commit -m "Oranlar guncellendi"
   git push
[main 27ddaf5] Otomatik oran guncelleme Pzt 04.05.2026 10:13:27,52
 1 file changed, 89 insertions(+), 69 deletions(-)
To https://github.com/yusufkocbiotek-sketch/iddiayusuf.git
   2b91ef0..27ddaf5  main -> main
TAMAMLANDI 
 
========================================== 
ORAN GUNCELLEME BASLADI 
Tarih Saat: Pzt 04.05.2026 10:20:01,62 
========================================== 
⚽ İddaa Oran Çekici - BUGÜNÜN TÜM MAÇLARI
📅 04/05/2026 10:20
============================================================
🌐 Chrome başlatılıyor...
✅ Chrome başlatıldı!
📡 https://www.iddaa.com/program/futbol?date=04.05.2026
   ⏳ Maçlar yükleniyor (max 30sn)...
   ✅ 8 maç bulundu

🔍 Maç isimleri toplanıyor...
   📋 8 maç bulundu:
      1. PSM Makassar vs Bhayangkara
      2. Persib Bandung vs Psim Yogyakarta
      3. Wolaita Dicha SC vs Hadiya Hossana FC
      4. Mashujaa FC vs Tabora United FC
      5. Albirex Niigata Singapore FC vs Young Lions FC
      6. Persijap Jepara vs Persija Jakarta
      7. Mardin 1969 Spor vs Kahramanmaraş İstiklal
      8. Aston Villa (K) vs West Ham United (K)

🔽 Maçlar tek tek açılıyor...

   [1/8] PSM Makassar vs Bhayangkara
      ✅ 40 detay oran çekildi
      📊 Toplam 47 oran
   [2/8] Persib Bandung vs Psim Yogyakarta
      ✅ 35 detay oran çekildi
      📊 Toplam 35 oran
   [3/8] Wolaita Dicha SC vs Hadiya Hossana FC
      ✅ 37 detay oran çekildi
      📊 Toplam 37 oran
   [4/8] Mashujaa FC vs Tabora United FC
      ✅ 38 detay oran çekildi
      📊 Toplam 38 oran
   [5/8] Albirex Niigata Singapore FC vs Young Lions FC
      ✅ 2 detay oran çekildi
      📊 Toplam 2 oran
   [6/8] Persijap Jepara vs Persija Jakarta
      ✅ 38 detay oran çekildi
      📊 Toplam 45 oran
   [7/8] Mardin 1969 Spor vs Kahramanmaraş İstiklal
      ✅ 3 detay oran çekildi
      📊 Toplam 3 oran
   [8/8] Aston Villa (K) vs West Ham United (K)
      ✅ 40 detay oran çekildi
      📊 Toplam 47 oran

============================================================
📊 FİNAL SONUÇ
   ⚽ Toplam maç: 8
   📊 Toplam oran: 254
   📊 Ortalama: 31 oran/maç
   ✅ Detaylı: 6
   ⏱️ Süre: 0:03:24.622581
============================================================
   💾 Toplam 384 maç kaydedildi

🎉 İşlem tamamlandı!

📌 GitHub'a yükleyin:
   git add -A
   git commit -m "Oranlar guncellendi"
   git push
[main 4584a00] Otomatik oran guncelleme Pzt 04.05.2026 10:23:28,62
 1 file changed, 34 insertions(+), 34 deletions(-)
To https://github.com/yusufkocbiotek-sketch/iddiayusuf.git
   27ddaf5..4584a00  main -> main
TAMAMLANDI 
 
========================================== 
ORAN GUNCELLEME BASLADI 
Tarih Saat: Pzt 04.05.2026 10:30:01,63 
========================================== 
⚽ İddaa Oran Çekici - BUGÜNÜN TÜM MAÇLARI
📅 04/05/2026 10:30
============================================================
🌐 Chrome başlatılıyor...
✅ Chrome başlatıldı!
📡 https://www.iddaa.com/program/futbol?date=04.05.2026
   ⏳ Maçlar yükleniyor (max 30sn)...
   ✅ 8 maç bulundu

🔍 Maç isimleri toplanıyor...
   📋 8 maç bulundu:
      1. PSM Makassar vs Bhayangkara
      2. Persib Bandung vs Psim Yogyakarta
      3. Wolaita Dicha SC vs Hadiya Hossana FC
      4. Mashujaa FC vs Tabora United FC
      5. Albirex Niigata Singapore FC vs Young Lions FC
      6. Persijap Jepara vs Persija Jakarta
      7. Mardin 1969 Spor vs Kahramanmaraş İstiklal
      8. Aston Villa (K) vs West Ham United (K)

🔽 Maçlar tek tek açılıyor...

   [1/8] PSM Makassar vs Bhayangkara
      ✅ 40 detay oran çekildi
      📊 Toplam 47 oran
   [2/8] Persib Bandung vs Psim Yogyakarta
      ✅ 35 detay oran çekildi
      📊 Toplam 35 oran
   [3/8] Wolaita Dicha SC vs Hadiya Hossana FC
      ✅ 37 detay oran çekildi
      📊 Toplam 37 oran
   [4/8] Mashujaa FC vs Tabora United FC
      ✅ 38 detay oran çekildi
      📊 Toplam 38 oran
   [5/8] Albirex Niigata Singapore FC vs Young Lions FC
      ✅ 2 detay oran çekildi
      📊 Toplam 2 oran
   [6/8] Persijap Jepara vs Persija Jakarta
      ✅ 38 detay oran çekildi
      📊 Toplam 45 oran
   [7/8] Mardin 1969 Spor vs Kahramanmaraş İstiklal
      ✅ 3 detay oran çekildi
      📊 Toplam 3 oran
   [8/8] Aston Villa (K) vs West Ham United (K)
      ✅ 40 detay oran çekildi
      📊 Toplam 47 oran

============================================================
📊 FİNAL SONUÇ
   ⚽ Toplam maç: 8
   📊 Toplam oran: 254
   📊 Ortalama: 31 oran/maç
   ✅ Detaylı: 6
   ⏱️ Süre: 0:03:23.420053
============================================================
   💾 Toplam 384 maç kaydedildi

🎉 İşlem tamamlandı!

📌 GitHub'a yükleyin:
   git add -A
   git commit -m "Oranlar guncellendi"
   git push
[main 717d346] Otomatik oran guncelleme Pzt 04.05.2026 10:33:27,44
 1 file changed, 41 insertions(+), 41 deletions(-)
To https://github.com/yusufkocbiotek-sketch/iddiayusuf.git
   4584a00..717d346  main -> main
TAMAMLANDI 
 
========================================== 
ORAN GUNCELLEME BASLADI 
Tarih Saat: Pzt 04.05.2026 10:40:01,63 
========================================== 
⚽ İddaa Oran Çekici - BUGÜNÜN TÜM MAÇLARI
📅 04/05/2026 10:40
============================================================
🌐 Chrome başlatılıyor...
✅ Chrome başlatıldı!
📡 https://www.iddaa.com/program/futbol?date=04.05.2026
   ⏳ Maçlar yükleniyor (max 30sn)...
   ✅ 8 maç bulundu

🔍 Maç isimleri toplanıyor...
   📋 8 maç bulundu:
      1. PSM Makassar vs Bhayangkara
      2. Persib Bandung vs Psim Yogyakarta
      3. Wolaita Dicha SC vs Hadiya Hossana FC
      4. Mashujaa FC vs Tabora United FC
      5. Albirex Niigata Singapore FC vs Young Lions FC
      6. Persijap Jepara vs Persija Jakarta
      7. Mardin 1969 Spor vs Kahramanmaraş İstiklal
      8. Aston Villa (K) vs West Ham United (K)

🔽 Maçlar tek tek açılıyor...

   [1/8] PSM Makassar vs Bhayangkara
      ✅ 40 detay oran çekildi
      📊 Toplam 47 oran
   [2/8] Persib Bandung vs Psim Yogyakarta
      ✅ 35 detay oran çekildi
      📊 Toplam 35 oran
   [3/8] Wolaita Dicha SC vs Hadiya Hossana FC
      ✅ 37 detay oran çekildi
      📊 Toplam 37 oran
   [4/8] Mashujaa FC vs Tabora United FC
      ✅ 38 detay oran çekildi
      📊 Toplam 38 oran
   [5/8] Albirex Niigata Singapore FC vs Young Lions FC
      ✅ 2 detay oran çekildi
      📊 Toplam 2 oran
   [6/8] Persijap Jepara vs Persija Jakarta
      ✅ 38 detay oran çekildi
      📊 Toplam 45 oran
   [7/8] Mardin 1969 Spor vs Kahramanmaraş İstiklal
      ✅ 3 detay oran çekildi
      📊 Toplam 3 oran
   [8/8] Aston Villa (K) vs West Ham United (K)
      ✅ 40 detay oran çekildi
      📊 Toplam 47 oran

============================================================
📊 FİNAL SONUÇ
   ⚽ Toplam maç: 8
   📊 Toplam oran: 254
   📊 Ortalama: 31 oran/maç
   ✅ Detaylı: 6
   ⏱️ Süre: 0:03:23.109095
============================================================
   💾 Toplam 384 maç kaydedildi

🎉 İşlem tamamlandı!

📌 GitHub'a yükleyin:
   git add -A
   git commit -m "Oranlar guncellendi"
   git push
[main 8bea94e] Otomatik oran guncelleme Pzt 04.05.2026 10:43:27,15
 1 file changed, 36 insertions(+), 36 deletions(-)
To https://github.com/yusufkocbiotek-sketch/iddiayusuf.git
   717d346..8bea94e  main -> main
TAMAMLANDI 
 
========================================== 
ORAN GUNCELLEME BASLADI 
Tarih Saat: Pzt 04.05.2026 10:50:01,63 
========================================== 
⚽ İddaa Oran Çekici - BUGÜNÜN TÜM MAÇLARI
📅 04/05/2026 10:50
============================================================
🌐 Chrome başlatılıyor...
✅ Chrome başlatıldı!
📡 https://www.iddaa.com/program/futbol?date=04.05.2026
   ⏳ Maçlar yükleniyor (max 30sn)...
   ✅ 9 maç bulundu

🔍 Maç isimleri toplanıyor...
   📋 9 maç bulundu:
      1. PSM Makassar vs Bhayangkara
      2. Persib Bandung vs Psim Yogyakarta
      3. Wolaita Dicha SC vs Hadiya Hossana FC
      4. Mashujaa FC vs Tabora United FC
      5. Albirex Niigata Singapore FC vs Young Lions FC
      6. Persijap Jepara vs Persija Jakarta
      7. Mardin 1969 Spor vs Kahramanmaraş İstiklal
      8. Muş Spor Kulübü vs Aliağa Futbol
      9. Aston Villa (K) vs West Ham United (K)

🔽 Maçlar tek tek açılıyor...

   [1/9] PSM Makassar vs Bhayangkara
      ✅ 40 detay oran çekildi
      📊 Toplam 47 oran
   [2/9] Persib Bandung vs Psim Yogyakarta
      ✅ 35 detay oran çekildi
      📊 Toplam 35 oran
   [3/9] Wolaita Dicha SC vs Hadiya Hossana FC
      ✅ 37 detay oran çekildi
      📊 Toplam 37 oran
   [4/9] Mashujaa FC vs Tabora United FC
      ✅ 38 detay oran çekildi
      📊 Toplam 38 oran
   [5/9] Albirex Niigata Singapore FC vs Young Lions FC
      ✅ 2 detay oran çekildi
      📊 Toplam 2 oran
   [6/9] Persijap Jepara vs Persija Jakarta
      ✅ 38 detay oran çekildi
      📊 Toplam 45 oran
   [7/9] Mardin 1969 Spor vs Kahramanmaraş İstiklal
      ✅ 3 detay oran çekildi
      📊 Toplam 3 oran
   [8/9] Muş Spor Kulübü vs Aliağa Futbol
      ✅ 3 detay oran çekildi
      📊 Toplam 3 oran
   [9/9] Aston Villa (K) vs West Ham United (K)
      ✅ 40 detay oran çekildi
      📊 Toplam 47 oran

============================================================
📊 FİNAL SONUÇ
   ⚽ Toplam maç: 9
   📊 Toplam oran: 257
   📊 Ortalama: 28 oran/maç
   ✅ Detaylı: 6
   ⏱️ Süre: 0:03:47.449435
============================================================
   💾 Toplam 385 maç kaydedildi

🎉 İşlem tamamlandı!

📌 GitHub'a yükleyin:
   git add -A
   git commit -m "Oranlar guncellendi"
   git push
[main 9bd49fa] Otomatik oran guncelleme Pzt 04.05.2026 10:53:51,46
 1 file changed, 100 insertions(+), 79 deletions(-)
To https://github.com/yusufkocbiotek-sketch/iddiayusuf.git
   8bea94e..9bd49fa  main -> main
TAMAMLANDI 
 
========================================== 
ORAN GUNCELLEME BASLADI 
Tarih Saat: Pzt 04.05.2026 11:00:01,64 
========================================== 
⚽ İddaa Oran Çekici - BUGÜNÜN TÜM MAÇLARI
📅 04/05/2026 11:00
============================================================
🌐 Chrome başlatılıyor...
✅ Chrome başlatıldı!
📡 https://www.iddaa.com/program/futbol?date=04.05.2026
   ⏳ Maçlar yükleniyor (max 30sn)...
   ✅ 9 maç bulundu

🔍 Maç isimleri toplanıyor...
   📋 9 maç bulundu:
      1. PSM Makassar vs Bhayangkara
      2. Persib Bandung vs Psim Yogyakarta
      3. Wolaita Dicha SC vs Hadiya Hossana FC
      4. Mashujaa FC vs Tabora United FC
      5. Albirex Niigata Singapore FC vs Young Lions FC
      6. Persijap Jepara vs Persija Jakarta
      7. Mardin 1969 Spor vs Kahramanmaraş İstiklal
      8. Muş Spor Kulübü vs Aliağa Futbol
      9. Aston Villa (K) vs West Ham United (K)

🔽 Maçlar tek tek açılıyor...

   [1/9] PSM Makassar vs Bhayangkara
      ✅ 40 detay oran çekildi
      📊 Toplam 47 oran
   [2/9] Persib Bandung vs Psim Yogyakarta
      ✅ 35 detay oran çekildi
      📊 Toplam 35 oran
   [3/9] Wolaita Dicha SC vs Hadiya Hossana FC
      ✅ 37 detay oran çekildi
      📊 Toplam 37 oran
   [4/9] Mashujaa FC vs Tabora United FC
      ✅ 38 detay oran çekildi
      📊 Toplam 38 oran
   [5/9] Albirex Niigata Singapore FC vs Young Lions FC
      ✅ 2 detay oran çekildi
      📊 Toplam 2 oran
   [6/9] Persijap Jepara vs Persija Jakarta
      ✅ 38 detay oran çekildi
      📊 Toplam 45 oran
   [7/9] Mardin 1969 Spor vs Kahramanmaraş İstiklal
      ✅ 3 detay oran çekildi
      📊 Toplam 3 oran
   [8/9] Muş Spor Kulübü vs Aliağa Futbol
      ✅ 3 detay oran çekildi
      📊 Toplam 3 oran
   [9/9] Aston Villa (K) vs West Ham United (K)
      ✅ 40 detay oran çekildi
      📊 Toplam 47 oran

============================================================
📊 FİNAL SONUÇ
   ⚽ Toplam maç: 9
   📊 Toplam oran: 257
   📊 Ortalama: 28 oran/maç
   ✅ Detaylı: 6
   ⏱️ Süre: 0:03:46.814430
============================================================
   💾 Toplam 385 maç kaydedildi

🎉 İşlem tamamlandı!

📌 GitHub'a yükleyin:
   git add -A
   git commit -m "Oranlar guncellendi"
   git push
[main d098ecd] Otomatik oran guncelleme Pzt 04.05.2026 11:03:50,82
 1 file changed, 62 insertions(+), 62 deletions(-)
To https://github.com/yusufkocbiotek-sketch/iddiayusuf.git
   9bd49fa..d098ecd  main -> main
TAMAMLANDI 
 
========================================== 
ORAN GUNCELLEME BASLADI 
Tarih Saat: Pzt 04.05.2026 11:10:01,63 
========================================== 
⚽ İddaa Oran Çekici - BUGÜNÜN TÜM MAÇLARI
📅 04/05/2026 11:10
============================================================
🌐 Chrome başlatılıyor...
✅ Chrome başlatıldı!
📡 https://www.iddaa.com/program/futbol?date=04.05.2026
   ⏳ Maçlar yükleniyor (max 30sn)...
   ✅ 9 maç bulundu

🔍 Maç isimleri toplanıyor...
   📋 9 maç bulundu:
      1. PSM Makassar vs Bhayangkara
      2. Persib Bandung vs Psim Yogyakarta
      3. Wolaita Dicha SC vs Hadiya Hossana FC
      4. Mashujaa FC vs Tabora United FC
      5. Albirex Niigata Singapore FC vs Young Lions FC
      6. Persijap Jepara vs Persija Jakarta
      7. Mardin 1969 Spor vs Kahramanmaraş İstiklal
      8. Muş Spor Kulübü vs Aliağa Futbol
      9. Aston Villa (K) vs West Ham United (K)

🔽 Maçlar tek tek açılıyor...

   [1/9] PSM Makassar vs Bhayangkara
      ✅ 40 detay oran çekildi
      📊 Toplam 47 oran
   [2/9] Persib Bandung vs Psim Yogyakarta
      ✅ 35 detay oran çekildi
      📊 Toplam 35 oran
   [3/9] Wolaita Dicha SC vs Hadiya Hossana FC
      ✅ 37 detay oran çekildi
      📊 Toplam 37 oran
   [4/9] Mashujaa FC vs Tabora United FC
      ✅ 38 detay oran çekildi
      📊 Toplam 38 oran
   [5/9] Albirex Niigata Singapore FC vs Young Lions FC
      ✅ 2 detay oran çekildi
      📊 Toplam 2 oran
   [6/9] Persijap Jepara vs Persija Jakarta
      ✅ 40 detay oran çekildi
      📊 Toplam 47 oran
   [7/9] Mardin 1969 Spor vs Kahramanmaraş İstiklal
      ✅ 3 detay oran çekildi
      📊 Toplam 3 oran
   [8/9] Muş Spor Kulübü vs Aliağa Futbol
      ✅ 3 detay oran çekildi
      📊 Toplam 3 oran
   [9/9] Aston Villa (K) vs West Ham United (K)
      ✅ 40 detay oran çekildi
      📊 Toplam 47 oran

============================================================
📊 FİNAL SONUÇ
   ⚽ Toplam maç: 9
   📊 Toplam oran: 259
   📊 Ortalama: 28 oran/maç
   ✅ Detaylı: 6
   ⏱️ Süre: 0:03:47.611595
============================================================
   💾 Toplam 385 maç kaydedildi

🎉 İşlem tamamlandı!

📌 GitHub'a yükleyin:
   git add -A
   git commit -m "Oranlar guncellendi"
   git push
[main e6bb4a7] Otomatik oran guncelleme Pzt 04.05.2026 11:13:51,62
 1 file changed, 77 insertions(+), 75 deletions(-)
To https://github.com/yusufkocbiotek-sketch/iddiayusuf.git
   d098ecd..e6bb4a7  main -> main
TAMAMLANDI 
 
========================================== 
ORAN GUNCELLEME BASLADI 
Tarih Saat: Pzt 04.05.2026 11:20:01,62 
========================================== 
⚽ İddaa Oran Çekici - BUGÜNÜN TÜM MAÇLARI
📅 04/05/2026 11:20
============================================================
🌐 Chrome başlatılıyor...
✅ Chrome başlatıldı!
📡 https://www.iddaa.com/program/futbol?date=04.05.2026
   ⏳ Maçlar yükleniyor (max 30sn)...
   ✅ 9 maç bulundu

🔍 Maç isimleri toplanıyor...
   📋 9 maç bulundu:
      1. PSM Makassar vs Bhayangkara
      2. Persib Bandung vs Psim Yogyakarta
      3. Wolaita Dicha SC vs Hadiya Hossana FC
      4. Mashujaa FC vs Tabora United FC
      5. Albirex Niigata Singapore FC vs Young Lions FC
      6. Persijap Jepara vs Persija Jakarta
      7. Mardin 1969 Spor vs Kahramanmaraş İstiklal
      8. Muş Spor Kulübü vs Aliağa Futbol
      9. Aston Villa (K) vs West Ham United (K)

🔽 Maçlar tek tek açılıyor...

   [1/9] PSM Makassar vs Bhayangkara
      ✅ 40 detay oran çekildi
      📊 Toplam 47 oran
   [2/9] Persib Bandung vs Psim Yogyakarta
      ✅ 35 detay oran çekildi
      📊 Toplam 35 oran
   [3/9] Wolaita Dicha SC vs Hadiya Hossana FC
      ✅ 37 detay oran çekildi
      📊 Toplam 37 oran
   [4/9] Mashujaa FC vs Tabora United FC
      ✅ 38 detay oran çekildi
      📊 Toplam 38 oran
   [5/9] Albirex Niigata Singapore FC vs Young Lions FC
      ✅ 2 detay oran çekildi
      📊 Toplam 2 oran
   [6/9] Persijap Jepara vs Persija Jakarta
      ✅ 40 detay oran çekildi
      📊 Toplam 47 oran
   [7/9] Mardin 1969 Spor vs Kahramanmaraş İstiklal
      ✅ 3 detay oran çekildi
      📊 Toplam 3 oran
   [8/9] Muş Spor Kulübü vs Aliağa Futbol
      ✅ 3 detay oran çekildi
      📊 Toplam 3 oran
   [9/9] Aston Villa (K) vs West Ham United (K)
      ✅ 40 detay oran çekildi
      📊 Toplam 47 oran

============================================================
📊 FİNAL SONUÇ
   ⚽ Toplam maç: 9
   📊 Toplam oran: 259
   📊 Ortalama: 28 oran/maç
   ✅ Detaylı: 6
   ⏱️ Süre: 0:03:48.347906
============================================================
   💾 Toplam 385 maç kaydedildi

🎉 İşlem tamamlandı!

📌 GitHub'a yükleyin:
   git add -A
   git commit -m "Oranlar guncellendi"
   git push
[main e0d9eda] Otomatik oran guncelleme Pzt 04.05.2026 11:23:52,34
 1 file changed, 46 insertions(+), 46 deletions(-)
To https://github.com/yusufkocbiotek-sketch/iddiayusuf.git
   e6bb4a7..e0d9eda  main -> main
TAMAMLANDI 
 
========================================== 
ORAN GUNCELLEME BASLADI 
Tarih Saat: Pzt 04.05.2026 11:30:01,62 
========================================== 
⚽ İddaa Oran Çekici - BUGÜNÜN TÜM MAÇLARI
📅 04/05/2026 11:30
============================================================
🌐 Chrome başlatılıyor...
✅ Chrome başlatıldı!
📡 https://www.iddaa.com/program/futbol?date=04.05.2026
   ⏳ Maçlar yükleniyor (max 30sn)...
   ✅ 9 maç bulundu

🔍 Maç isimleri toplanıyor...
   📋 9 maç bulundu:
      1. PSM Makassar vs Bhayangkara
      2. Persib Bandung vs Psim Yogyakarta
      3. Wolaita Dicha SC vs Hadiya Hossana FC
      4. Mashujaa FC vs Tabora United FC
      5. Albirex Niigata Singapore FC vs Young Lions FC
      6. Persijap Jepara vs Persija Jakarta
      7. Mardin 1969 Spor vs Kahramanmaraş İstiklal
      8. Muş Spor Kulübü vs Aliağa Futbol
      9. Aston Villa (K) vs West Ham United (K)

🔽 Maçlar tek tek açılıyor...

   [1/9] PSM Makassar vs Bhayangkara
      ✅ 67 detay oran çekildi
      📊 Toplam 74 oran
   [2/9] Persib Bandung vs Psim Yogyakarta
      ⏳ Deneme 1 başarısız, 30sn sonra tekrar...
      ⏳ Deneme 2 başarısız, 30sn sonra tekrar...
      ❌ 3 deneme de başarısız oldu
      📊 Toplam 0 oran
   [3/9] Wolaita Dicha SC vs Hadiya Hossana FC
      ✅ 37 detay oran çekildi
      📊 Toplam 37 oran
   [4/9] Mashujaa FC vs Tabora United FC
      ✅ 38 detay oran çekildi
      📊 Toplam 38 oran
   [5/9] Albirex Niigata Singapore FC vs Young Lions FC
      ✅ 2 detay oran çekildi
      📊 Toplam 2 oran
   [6/9] Persijap Jepara vs Persija Jakarta
      ✅ 40 detay oran çekildi
      📊 Toplam 47 oran
   [7/9] Mardin 1969 Spor vs Kahramanmaraş İstiklal
      ✅ 3 detay oran çekildi
      📊 Toplam 3 oran
   [8/9] Muş Spor Kulübü vs Aliağa Futbol
      ✅ 3 detay oran çekildi
      📊 Toplam 3 oran
   [9/9] Aston Villa (K) vs West Ham United (K)
      ✅ 40 detay oran çekildi
      📊 Toplam 47 oran

============================================================
📊 FİNAL SONUÇ
   ⚽ Toplam maç: 9
   📊 Toplam oran: 251
   📊 Ortalama: 27 oran/maç
   ✅ Detaylı: 5
   ⏱️ Süre: 0:04:57.224014
============================================================
   💾 Toplam 385 maç kaydedildi

🎉 İşlem tamamlandı!

📌 GitHub'a yükleyin:
   git add -A
   git commit -m "Oranlar guncellendi"
   git push
[main 2f5b4f8] Otomatik oran guncelleme Pzt 04.05.2026 11:35:01,22
 1 file changed, 119 insertions(+), 128 deletions(-)
To https://github.com/yusufkocbiotek-sketch/iddiayusuf.git
   e0d9eda..2f5b4f8  main -> main
TAMAMLANDI 
 
========================================== 
ORAN GUNCELLEME BASLADI 
Tarih Saat: Pzt 04.05.2026 11:40:01,63 
========================================== 
⚽ İddaa Oran Çekici - BUGÜNÜN TÜM MAÇLARI
📅 04/05/2026 11:40
============================================================
🌐 Chrome başlatılıyor...
✅ Chrome başlatıldı!
📡 https://www.iddaa.com/program/futbol?date=04.05.2026
   ⏳ Maçlar yükleniyor (max 30sn)...
   ✅ 9 maç bulundu

🔍 Maç isimleri toplanıyor...
   📋 9 maç bulundu:
      1. Wolaita Dicha SC vs Hadiya Hossana FC
      2. Mashujaa FC vs Tabora United FC
      3. Albirex Niigata Singapore FC vs Young Lions FC
      4. Persijap Jepara vs Persija Jakarta
      5. Muş Spor Kulübü vs Aliağa Futbol
      6. Mardin 1969 Spor vs Kahramanmaraş İstiklal
      7. Aston Villa (K) vs West Ham United (K)
      8. Huddersfield Town U21 vs Bournemouth U21
      9. Peterborough United U21 vs Nottingham Forest U21

🔽 Maçlar tek tek açılıyor...

   [1/9] Wolaita Dicha SC vs Hadiya Hossana FC
      ✅ 37 detay oran çekildi
      📊 Toplam 37 oran
   [2/9] Mashujaa FC vs Tabora United FC
      ✅ 38 detay oran çekildi
      📊 Toplam 38 oran
   [3/9] Albirex Niigata Singapore FC vs Young Lions FC
      ✅ 11 detay oran çekildi
      📊 Toplam 11 oran
   [4/9] Persijap Jepara vs Persija Jakarta
      ✅ 40 detay oran çekildi
      📊 Toplam 47 oran
   [5/9] Muş Spor Kulübü vs Aliağa Futbol
      ✅ 3 detay oran çekildi
      📊 Toplam 3 oran
   [6/9] Mardin 1969 Spor vs Kahramanmaraş İstiklal
      ✅ 3 detay oran çekildi
      📊 Toplam 3 oran
   [7/9] Aston Villa (K) vs West Ham United (K)
      ✅ 40 detay oran çekildi
      📊 Toplam 47 oran
   [8/9] Huddersfield Town U21 vs Bournemouth U21
      ✅ 40 detay oran çekildi
      📊 Toplam 40 oran
   [9/9] Peterborough United U21 vs Nottingham Forest U21
      ✅ 40 detay oran çekildi
      📊 Toplam 40 oran

============================================================
📊 FİNAL SONUÇ
   ⚽ Toplam maç: 9
   📊 Toplam oran: 266
   📊 Ortalama: 29 oran/maç
   ✅ Detaylı: 6
   ⏱️ Süre: 0:03:48.248942
============================================================
   💾 Toplam 385 maç kaydedildi

🎉 İşlem tamamlandı!

📌 GitHub'a yükleyin:
   git add -A
   git commit -m "Oranlar guncellendi"
   git push
[main e014ed1] Otomatik oran guncelleme Pzt 04.05.2026 11:43:52,26
 1 file changed, 202 insertions(+), 111 deletions(-)
To https://github.com/yusufkocbiotek-sketch/iddiayusuf.git
   2f5b4f8..e014ed1  main -> main
TAMAMLANDI 
 
========================================== 
ORAN GUNCELLEME BASLADI 
Tarih Saat: Pzt 04.05.2026 11:50:01,62 
========================================== 
⚽ İddaa Oran Çekici - BUGÜNÜN TÜM MAÇLARI
📅 04/05/2026 11:50
============================================================
🌐 Chrome başlatılıyor...
✅ Chrome başlatıldı!
📡 https://www.iddaa.com/program/futbol?date=04.05.2026
   ⏳ Maçlar yükleniyor (max 30sn)...
   ✅ 9 maç bulundu

🔍 Maç isimleri toplanıyor...
   📋 9 maç bulundu:
      1. Wolaita Dicha SC vs Hadiya Hossana FC
      2. Mashujaa FC vs Tabora United FC
      3. Albirex Niigata Singapore FC vs Young Lions FC
      4. Persijap Jepara vs Persija Jakarta
      5. Muş Spor Kulübü vs Aliağa Futbol
      6. Mardin 1969 Spor vs Kahramanmaraş İstiklal
      7. Aston Villa (K) vs West Ham United (K)
      8. Huddersfield Town U21 vs Bournemouth U21
      9. Peterborough United U21 vs Nottingham Forest U21

🔽 Maçlar tek tek açılıyor...

   [1/9] Wolaita Dicha SC vs Hadiya Hossana FC
      ✅ 37 detay oran çekildi
      📊 Toplam 37 oran
   [2/9] Mashujaa FC vs Tabora United FC
      ✅ 38 detay oran çekildi
      📊 Toplam 38 oran
   [3/9] Albirex Niigata Singapore FC vs Young Lions FC
      ✅ 11 detay oran çekildi
      📊 Toplam 11 oran
   [4/9] Persijap Jepara vs Persija Jakarta
      ✅ 40 detay oran çekildi
      📊 Toplam 47 oran
   [5/9] Muş Spor Kulübü vs Aliağa Futbol
      ✅ 3 detay oran çekildi
      📊 Toplam 3 oran
   [6/9] Mardin 1969 Spor vs Kahramanmaraş İstiklal
      ✅ 3 detay oran çekildi
      📊 Toplam 3 oran
   [7/9] Aston Villa (K) vs West Ham United (K)
      ✅ 40 detay oran çekildi
      📊 Toplam 47 oran
   [8/9] Huddersfield Town U21 vs Bournemouth U21
      ✅ 40 detay oran çekildi
      📊 Toplam 40 oran
   [9/9] Peterborough United U21 vs Nottingham Forest U21
      ✅ 40 detay oran çekildi
      📊 Toplam 40 oran

============================================================
📊 FİNAL SONUÇ
   ⚽ Toplam maç: 9
   📊 Toplam oran: 266
   📊 Ortalama: 29 oran/maç
   ✅ Detaylı: 6
   ⏱️ Süre: 0:03:48.152342
============================================================
   💾 Toplam 385 maç kaydedildi

🎉 İşlem tamamlandı!

📌 GitHub'a yükleyin:
   git add -A
   git commit -m "Oranlar guncellendi"
   git push
[main 4437a26] Otomatik oran guncelleme Pzt 04.05.2026 11:53:52,14
 1 file changed, 10 insertions(+), 10 deletions(-)
To https://github.com/yusufkocbiotek-sketch/iddiayusuf.git
   e014ed1..4437a26  main -> main
TAMAMLANDI 
 
========================================== 
ORAN GUNCELLEME BASLADI 
Tarih Saat: Pzt 04.05.2026 12:00:01,62 
========================================== 
⚽ İddaa Oran Çekici - BUGÜNÜN TÜM MAÇLARI
📅 04/05/2026 12:00
============================================================
🌐 Chrome başlatılıyor...
✅ Chrome başlatıldı!
📡 https://www.iddaa.com/program/futbol?date=04.05.2026
   ⏳ Maçlar yükleniyor (max 30sn)...
   ✅ 9 maç bulundu

🔍 Maç isimleri toplanıyor...
   📋 9 maç bulundu:
      1. Wolaita Dicha SC vs Hadiya Hossana FC
      2. Mashujaa FC vs Tabora United FC
      3. Albirex Niigata Singapore FC vs Young Lions FC
      4. Persijap Jepara vs Persija Jakarta
      5. Muş Spor Kulübü vs Aliağa Futbol
      6. Mardin 1969 Spor vs Kahramanmaraş İstiklal
      7. Aston Villa (K) vs West Ham United (K)
      8. Huddersfield Town U21 vs Bournemouth U21
      9. Peterborough United U21 vs Nottingham Forest U21

🔽 Maçlar tek tek açılıyor...

   [1/9] Wolaita Dicha SC vs Hadiya Hossana FC
      ✅ 37 detay oran çekildi
      📊 Toplam 37 oran
   [2/9] Mashujaa FC vs Tabora United FC
      ✅ 38 detay oran çekildi
      📊 Toplam 38 oran
   [3/9] Albirex Niigata Singapore FC vs Young Lions FC
      ✅ 9 detay oran çekildi
      📊 Toplam 9 oran
   [4/9] Persijap Jepara vs Persija Jakarta
      ✅ 38 detay oran çekildi
      📊 Toplam 45 oran
   [5/9] Muş Spor Kulübü vs Aliağa Futbol
      ✅ 3 detay oran çekildi
      📊 Toplam 3 oran
   [6/9] Mardin 1969 Spor vs Kahramanmaraş İstiklal
      ✅ 3 detay oran çekildi
      📊 Toplam 3 oran
   [7/9] Aston Villa (K) vs West Ham United (K)
      ✅ 40 detay oran çekildi
      📊 Toplam 47 oran
   [8/9] Huddersfield Town U21 vs Bournemouth U21
      ✅ 40 detay oran çekildi
      📊 Toplam 40 oran
   [9/9] Peterborough United U21 vs Nottingham Forest U21
      ✅ 40 detay oran çekildi
      📊 Toplam 40 oran

============================================================
📊 FİNAL SONUÇ
   ⚽ Toplam maç: 9
   📊 Toplam oran: 262
   📊 Ortalama: 29 oran/maç
   ✅ Detaylı: 6
   ⏱️ Süre: 0:03:50.592968
============================================================
   💾 Toplam 385 maç kaydedildi

🎉 İşlem tamamlandı!

📌 GitHub'a yükleyin:
   git add -A
   git commit -m "Oranlar guncellendi"
   git push
[main c034706] Otomatik oran guncelleme Pzt 04.05.2026 12:03:54,59
 1 file changed, 53 insertions(+), 57 deletions(-)
To https://github.com/yusufkocbiotek-sketch/iddiayusuf.git
   4437a26..c034706  main -> main
TAMAMLANDI 
 
========================================== 
ORAN GUNCELLEME BASLADI 
Tarih Saat: Pzt 04.05.2026 12:10:01,63 
========================================== 
⚽ İddaa Oran Çekici - BUGÜNÜN TÜM MAÇLARI
📅 04/05/2026 12:10
============================================================
🌐 Chrome başlatılıyor...
✅ Chrome başlatıldı!
📡 https://www.iddaa.com/program/futbol?date=04.05.2026
   ⏳ Maçlar yükleniyor (max 30sn)...
   ✅ 9 maç bulundu

🔍 Maç isimleri toplanıyor...
   📋 9 maç bulundu:
      1. Wolaita Dicha SC vs Hadiya Hossana FC
      2. Mashujaa FC vs Tabora United FC
      3. Albirex Niigata Singapore FC vs Young Lions FC
      4. Persijap Jepara vs Persija Jakarta
      5. Muş Spor Kulübü vs Aliağa Futbol
      6. Mardin 1969 Spor vs Kahramanmaraş İstiklal
      7. Aston Villa (K) vs West Ham United (K)
      8. Huddersfield Town U21 vs Bournemouth U21
      9. Peterborough United U21 vs Nottingham Forest U21

🔽 Maçlar tek tek açılıyor...

   [1/9] Wolaita Dicha SC vs Hadiya Hossana FC
      ✅ 37 detay oran çekildi
      📊 Toplam 37 oran
   [2/9] Mashujaa FC vs Tabora United FC
      ✅ 38 detay oran çekildi
      📊 Toplam 38 oran
   [3/9] Albirex Niigata Singapore FC vs Young Lions FC
      ✅ 11 detay oran çekildi
      📊 Toplam 11 oran
   [4/9] Persijap Jepara vs Persija Jakarta
      ✅ 38 detay oran çekildi
      📊 Toplam 45 oran
   [5/9] Muş Spor Kulübü vs Aliağa Futbol
      ✅ 3 detay oran çekildi
      📊 Toplam 3 oran
   [6/9] Mardin 1969 Spor vs Kahramanmaraş İstiklal
      ✅ 3 detay oran çekildi
      📊 Toplam 3 oran
   [7/9] Aston Villa (K) vs West Ham United (K)
      ✅ 40 detay oran çekildi
      📊 Toplam 47 oran
   [8/9] Huddersfield Town U21 vs Bournemouth U21
      ✅ 40 detay oran çekildi
      📊 Toplam 40 oran
   [9/9] Peterborough United U21 vs Nottingham Forest U21
      ✅ 40 detay oran çekildi
      📊 Toplam 40 oran

============================================================
📊 FİNAL SONUÇ
   ⚽ Toplam maç: 9
   📊 Toplam oran: 264
   📊 Ortalama: 29 oran/maç
   ✅ Detaylı: 6
   ⏱️ Süre: 0:03:47.794501
============================================================
   💾 Toplam 385 maç kaydedildi

🎉 İşlem tamamlandı!

📌 GitHub'a yükleyin:
   git add -A
   git commit -m "Oranlar guncellendi"
   git push
[main 5aff73f] Otomatik oran guncelleme Pzt 04.05.2026 12:13:51,82
 1 file changed, 15 insertions(+), 13 deletions(-)
To https://github.com/yusufkocbiotek-sketch/iddiayusuf.git
   c034706..5aff73f  main -> main
TAMAMLANDI 
 
========================================== 
ORAN GUNCELLEME BASLADI 
Tarih Saat: Pzt 04.05.2026 12:20:01,64 
========================================== 
⚽ İddaa Oran Çekici - BUGÜNÜN TÜM MAÇLARI
📅 04/05/2026 12:20
============================================================
🌐 Chrome başlatılıyor...
✅ Chrome başlatıldı!
📡 https://www.iddaa.com/program/futbol?date=04.05.2026
   ⏳ Maçlar yükleniyor (max 30sn)...
   ✅ 9 maç bulundu

🔍 Maç isimleri toplanıyor...
   📋 9 maç bulundu:
      1. Wolaita Dicha SC vs Hadiya Hossana FC
      2. Mashujaa FC vs Tabora United FC
      3. Albirex Niigata Singapore FC vs Young Lions FC
      4. Persijap Jepara vs Persija Jakarta
      5. Muş Spor Kulübü vs Aliağa Futbol
      6. Mardin 1969 Spor vs Kahramanmaraş İstiklal
      7. Aston Villa (K) vs West Ham United (K)
      8. Huddersfield Town U21 vs Bournemouth U21
      9. Peterborough United U21 vs Nottingham Forest U21

🔽 Maçlar tek tek açılıyor...

   [1/9] Wolaita Dicha SC vs Hadiya Hossana FC
      ✅ 37 detay oran çekildi
      📊 Toplam 37 oran
   [2/9] Mashujaa FC vs Tabora United FC
      ✅ 38 detay oran çekildi
      📊 Toplam 38 oran
   [3/9] Albirex Niigata Singapore FC vs Young Lions FC
      ✅ 11 detay oran çekildi
      📊 Toplam 11 oran
   [4/9] Persijap Jepara vs Persija Jakarta
      ✅ 38 detay oran çekildi
      📊 Toplam 45 oran
   [5/9] Muş Spor Kulübü vs Aliağa Futbol
      ✅ 3 detay oran çekildi
      📊 Toplam 3 oran
   [6/9] Mardin 1969 Spor vs Kahramanmaraş İstiklal
      ✅ 3 detay oran çekildi
      📊 Toplam 3 oran
   [7/9] Aston Villa (K) vs West Ham United (K)
      ✅ 40 detay oran çekildi
      📊 Toplam 47 oran
   [8/9] Huddersfield Town U21 vs Bournemouth U21
      ✅ 40 detay oran çekildi
      📊 Toplam 40 oran
   [9/9] Peterborough United U21 vs Nottingham Forest U21
      ✅ 40 detay oran çekildi
      📊 Toplam 40 oran

============================================================
📊 FİNAL SONUÇ
   ⚽ Toplam maç: 9
   📊 Toplam oran: 264
   📊 Ortalama: 29 oran/maç
   ✅ Detaylı: 6
   ⏱️ Süre: 0:03:48.587508
============================================================
   💾 Toplam 385 maç kaydedildi

🎉 İşlem tamamlandı!

📌 GitHub'a yükleyin:
   git add -A
   git commit -m "Oranlar guncellendi"
   git push
[main e383e11] Otomatik oran guncelleme Pzt 04.05.2026 12:23:52,59
 1 file changed, 10 insertions(+), 10 deletions(-)
To https://github.com/yusufkocbiotek-sketch/iddiayusuf.git
   5aff73f..e383e11  main -> main
TAMAMLANDI 
 
========================================== 
ORAN GUNCELLEME BASLADI 
Tarih Saat: Pzt 04.05.2026 12:30:01,63 
========================================== 
⚽ İddaa Oran Çekici - BUGÜNÜN TÜM MAÇLARI
📅 04/05/2026 12:30
============================================================
🌐 Chrome başlatılıyor...
✅ Chrome başlatıldı!
📡 https://www.iddaa.com/program/futbol?date=04.05.2026
   ⏳ Maçlar yükleniyor (max 30sn)...
   ✅ 9 maç bulundu

🔍 Maç isimleri toplanıyor...
   📋 9 maç bulundu:
      1. Wolaita Dicha SC vs Hadiya Hossana FC
      2. Mashujaa FC vs Tabora United FC
      3. Albirex Niigata Singapore FC vs Young Lions FC
      4. Persijap Jepara vs Persija Jakarta
      5. Muş Spor Kulübü vs Aliağa Futbol
      6. Mardin 1969 Spor vs Kahramanmaraş İstiklal
      7. Aston Villa (K) vs West Ham United (K)
      8. Huddersfield Town U21 vs Bournemouth U21
      9. Peterborough United U21 vs Nottingham Forest U21

🔽 Maçlar tek tek açılıyor...

   [1/9] Wolaita Dicha SC vs Hadiya Hossana FC
      ✅ 37 detay oran çekildi
      📊 Toplam 37 oran
   [2/9] Mashujaa FC vs Tabora United FC
      ✅ 38 detay oran çekildi
      📊 Toplam 38 oran
   [3/9] Albirex Niigata Singapore FC vs Young Lions FC
      ✅ 11 detay oran çekildi
      📊 Toplam 11 oran
   [4/9] Persijap Jepara vs Persija Jakarta
      ✅ 39 detay oran çekildi
      📊 Toplam 46 oran
   [5/9] Muş Spor Kulübü vs Aliağa Futbol
      ✅ 3 detay oran çekildi
      📊 Toplam 3 oran
   [6/9] Mardin 1969 Spor vs Kahramanmaraş İstiklal
      ✅ 3 detay oran çekildi
      📊 Toplam 3 oran
   [7/9] Aston Villa (K) vs West Ham United (K)
      ✅ 40 detay oran çekildi
      📊 Toplam 47 oran
   [8/9] Huddersfield Town U21 vs Bournemouth U21
      ✅ 40 detay oran çekildi
      📊 Toplam 40 oran
   [9/9] Peterborough United U21 vs Nottingham Forest U21
      ✅ 40 detay oran çekildi
      📊 Toplam 40 oran

============================================================
📊 FİNAL SONUÇ
   ⚽ Toplam maç: 9
   📊 Toplam oran: 265
   📊 Ortalama: 29 oran/maç
   ✅ Detaylı: 6
   ⏱️ Süre: 0:03:47.530603
============================================================
   💾 Toplam 385 maç kaydedildi

🎉 İşlem tamamlandı!

📌 GitHub'a yükleyin:
   git add -A
   git commit -m "Oranlar guncellendi"
   git push
[main 1b727cb] Otomatik oran guncelleme Pzt 04.05.2026 12:33:51,53
 1 file changed, 48 insertions(+), 47 deletions(-)
To https://github.com/yusufkocbiotek-sketch/iddiayusuf.git
   e383e11..1b727cb  main -> main
TAMAMLANDI 
 
========================================== 
ORAN GUNCELLEME BASLADI 
Tarih Saat: Pzt 04.05.2026 12:40:01,63 
========================================== 
⚽ İddaa Oran Çekici - BUGÜNÜN TÜM MAÇLARI
📅 04/05/2026 12:40
============================================================
🌐 Chrome başlatılıyor...
✅ Chrome başlatıldı!
📡 https://www.iddaa.com/program/futbol?date=04.05.2026
   ⏳ Maçlar yükleniyor (max 30sn)...
   ✅ 9 maç bulundu

🔍 Maç isimleri toplanıyor...
   📋 9 maç bulundu:
      1. Wolaita Dicha SC vs Hadiya Hossana FC
      2. Mashujaa FC vs Tabora United FC
      3. Albirex Niigata Singapore FC vs Young Lions FC
      4. Persijap Jepara vs Persija Jakarta
      5. Muş Spor Kulübü vs Aliağa Futbol
      6. Mardin 1969 Spor vs Kahramanmaraş İstiklal
      7. Aston Villa (K) vs West Ham United (K)
      8. Huddersfield Town U21 vs Bournemouth U21
      9. Peterborough United U21 vs Nottingham Forest U21

🔽 Maçlar tek tek açılıyor...

   [1/9] Wolaita Dicha SC vs Hadiya Hossana FC
      ✅ 37 detay oran çekildi
      📊 Toplam 37 oran
   [2/9] Mashujaa FC vs Tabora United FC
      ✅ 38 detay oran çekildi
      📊 Toplam 38 oran
   [3/9] Albirex Niigata Singapore FC vs Young Lions FC
      ✅ 11 detay oran çekildi
      📊 Toplam 11 oran
   [4/9] Persijap Jepara vs Persija Jakarta
      ✅ 39 detay oran çekildi
      📊 Toplam 46 oran
   [5/9] Muş Spor Kulübü vs Aliağa Futbol
      ✅ 3 detay oran çekildi
      📊 Toplam 3 oran
   [6/9] Mardin 1969 Spor vs Kahramanmaraş İstiklal
      ✅ 3 detay oran çekildi
      📊 Toplam 3 oran
   [7/9] Aston Villa (K) vs West Ham United (K)
      ✅ 40 detay oran çekildi
      📊 Toplam 47 oran
   [8/9] Huddersfield Town U21 vs Bournemouth U21
      ✅ 40 detay oran çekildi
      📊 Toplam 40 oran
   [9/9] Peterborough United U21 vs Nottingham Forest U21
      ✅ 40 detay oran çekildi
      📊 Toplam 40 oran

============================================================
📊 FİNAL SONUÇ
   ⚽ Toplam maç: 9
   📊 Toplam oran: 265
   📊 Ortalama: 29 oran/maç
   ✅ Detaylı: 6
   ⏱️ Süre: 0:03:48.493995
============================================================
   💾 Toplam 385 maç kaydedildi

🎉 İşlem tamamlandı!

📌 GitHub'a yükleyin:
   git add -A
   git commit -m "Oranlar guncellendi"
   git push
[main 4d17ea5] Otomatik oran guncelleme Pzt 04.05.2026 12:43:52,48
 1 file changed, 10 insertions(+), 10 deletions(-)
To https://github.com/yusufkocbiotek-sketch/iddiayusuf.git
   1b727cb..4d17ea5  main -> main
TAMAMLANDI 
 
========================================== 
ORAN GUNCELLEME BASLADI 
Tarih Saat: Pzt 04.05.2026 12:50:01,63 
========================================== 
⚽ İddaa Oran Çekici - BUGÜNÜN TÜM MAÇLARI
📅 04/05/2026 12:50
============================================================
🌐 Chrome başlatılıyor...
✅ Chrome başlatıldı!
📡 https://www.iddaa.com/program/futbol?date=04.05.2026
   ⏳ Maçlar yükleniyor (max 30sn)...
   ✅ 9 maç bulundu

🔍 Maç isimleri toplanıyor...
   📋 9 maç bulundu:
      1. Wolaita Dicha SC vs Hadiya Hossana FC
      2. Mashujaa FC vs Tabora United FC
      3. Albirex Niigata Singapore FC vs Young Lions FC
      4. Persijap Jepara vs Persija Jakarta
      5. Muş Spor Kulübü vs Aliağa Futbol
      6. Mardin 1969 Spor vs Kahramanmaraş İstiklal
      7. Aston Villa (K) vs West Ham United (K)
      8. Huddersfield Town U21 vs Bournemouth U21
      9. Peterborough United U21 vs Nottingham Forest U21

🔽 Maçlar tek tek açılıyor...

   [1/9] Wolaita Dicha SC vs Hadiya Hossana FC
      ✅ 37 detay oran çekildi
      📊 Toplam 37 oran
   [2/9] Mashujaa FC vs Tabora United FC
      ✅ 38 detay oran çekildi
      📊 Toplam 38 oran
   [3/9] Albirex Niigata Singapore FC vs Young Lions FC
      ✅ 11 detay oran çekildi
      📊 Toplam 11 oran
   [4/9] Persijap Jepara vs Persija Jakarta
      ✅ 39 detay oran çekildi
      📊 Toplam 46 oran
   [5/9] Muş Spor Kulübü vs Aliağa Futbol
      ✅ 3 detay oran çekildi
      📊 Toplam 3 oran
   [6/9] Mardin 1969 Spor vs Kahramanmaraş İstiklal
      ✅ 3 detay oran çekildi
      📊 Toplam 3 oran
   [7/9] Aston Villa (K) vs West Ham United (K)
      ✅ 40 detay oran çekildi
      📊 Toplam 47 oran
   [8/9] Huddersfield Town U21 vs Bournemouth U21
      ✅ 40 detay oran çekildi
      📊 Toplam 40 oran
   [9/9] Peterborough United U21 vs Nottingham Forest U21
      ✅ 40 detay oran çekildi
      📊 Toplam 40 oran

============================================================
📊 FİNAL SONUÇ
   ⚽ Toplam maç: 9
   📊 Toplam oran: 265
   📊 Ortalama: 29 oran/maç
   ✅ Detaylı: 6
   ⏱️ Süre: 0:03:47.711166
============================================================
   💾 Toplam 385 maç kaydedildi

🎉 İşlem tamamlandı!

📌 GitHub'a yükleyin:
   git add -A
   git commit -m "Oranlar guncellendi"
   git push
[main c96cbb0] Otomatik oran guncelleme Pzt 04.05.2026 12:53:51,74
 1 file changed, 44 insertions(+), 44 deletions(-)
To https://github.com/yusufkocbiotek-sketch/iddiayusuf.git
   4d17ea5..c96cbb0  main -> main
TAMAMLANDI 
 
========================================== 
ORAN GUNCELLEME BASLADI 
Tarih Saat: Pzt 04.05.2026 13:00:01,62 
========================================== 
⚽ İddaa Oran Çekici - BUGÜNÜN TÜM MAÇLARI
📅 04/05/2026 13:00
============================================================
🌐 Chrome başlatılıyor...
✅ Chrome başlatıldı!
📡 https://www.iddaa.com/program/futbol?date=04.05.2026
   ⏳ Maçlar yükleniyor (max 30sn)...
   ✅ 9 maç bulundu

🔍 Maç isimleri toplanıyor...
   📋 9 maç bulundu:
      1. Wolaita Dicha SC vs Hadiya Hossana FC
      2. Mashujaa FC vs Tabora United FC
      3. Albirex Niigata Singapore FC vs Young Lions FC
      4. Persijap Jepara vs Persija Jakarta
      5. Muş Spor Kulübü vs Aliağa Futbol
      6. Mardin 1969 Spor vs Kahramanmaraş İstiklal
      7. Aston Villa (K) vs West Ham United (K)
      8. Huddersfield Town U21 vs Bournemouth U21
      9. Peterborough United U21 vs Nottingham Forest U21

🔽 Maçlar tek tek açılıyor...

   [1/9] Wolaita Dicha SC vs Hadiya Hossana FC
      ⏳ Deneme 1 başarısız, 30sn sonra tekrar...
      ⏳ Deneme 2 başarısız, 30sn sonra tekrar...
      ❌ 3 deneme de başarısız oldu
      📊 Toplam 0 oran
   [2/9] Mashujaa FC vs Tabora United FC
      ✅ 38 detay oran çekildi
      📊 Toplam 38 oran
   [3/9] Albirex Niigata Singapore FC vs Young Lions FC
      ✅ 11 detay oran çekildi
      📊 Toplam 11 oran
   [4/9] Persijap Jepara vs Persija Jakarta
      ✅ 39 detay oran çekildi
      📊 Toplam 46 oran
   [5/9] Muş Spor Kulübü vs Aliağa Futbol
      ✅ 3 detay oran çekildi
      📊 Toplam 3 oran
   [6/9] Mardin 1969 Spor vs Kahramanmaraş İstiklal
      ✅ 3 detay oran çekildi
      📊 Toplam 3 oran
   [7/9] Aston Villa (K) vs West Ham United (K)
      ✅ 40 detay oran çekildi
      📊 Toplam 47 oran
   [8/9] Huddersfield Town U21 vs Bournemouth U21
      ✅ 40 detay oran çekildi
      📊 Toplam 40 oran
   [9/9] Peterborough United U21 vs Nottingham Forest U21
      ✅ 40 detay oran çekildi
      📊 Toplam 40 oran

============================================================
📊 FİNAL SONUÇ
   ⚽ Toplam maç: 9
   📊 Toplam oran: 228
   📊 Ortalama: 25 oran/maç
   ✅ Detaylı: 5
   ⏱️ Süre: 0:04:54.700640
============================================================
   💾 Toplam 385 maç kaydedildi

🎉 İşlem tamamlandı!

📌 GitHub'a yükleyin:
   git add -A
   git commit -m "Oranlar guncellendi"
   git push
[main cbcdae6] Otomatik oran guncelleme Pzt 04.05.2026 13:04:58,75
 1 file changed, 56 insertions(+), 94 deletions(-)
To https://github.com/yusufkocbiotek-sketch/iddiayusuf.git
   c96cbb0..cbcdae6  main -> main
TAMAMLANDI 
 
========================================== 
ORAN GUNCELLEME BASLADI 
Tarih Saat: Pzt 04.05.2026 13:10:01,62 
========================================== 
⚽ İddaa Oran Çekici - BUGÜNÜN TÜM MAÇLARI
📅 04/05/2026 13:10
============================================================
🌐 Chrome başlatılıyor...
✅ Chrome başlatıldı!
📡 https://www.iddaa.com/program/futbol?date=04.05.2026
   ⏳ Maçlar yükleniyor (max 30sn)...
   ✅ 9 maç bulundu

🔍 Maç isimleri toplanıyor...
   📋 9 maç bulundu:
      1. Mashujaa FC vs Tabora United FC
      2. Albirex Niigata Singapore FC vs Young Lions FC
      3. Persijap Jepara vs Persija Jakarta
      4. Muş Spor Kulübü vs Aliağa Futbol
      5. Mardin 1969 Spor vs Kahramanmaraş İstiklal
      6. Aston Villa (K) vs West Ham United (K)
      7. Huddersfield Town U21 vs Bournemouth U21
      8. Peterborough United U21 vs Nottingham Forest U21
      9. Muğlaspor Kulübü vs Şanlıurfaspor

🔽 Maçlar tek tek açılıyor...

   [1/9] Mashujaa FC vs Tabora United FC
      ✅ 38 detay oran çekildi
      📊 Toplam 38 oran
   [2/9] Albirex Niigata Singapore FC vs Young Lions FC
      ✅ 11 detay oran çekildi
      📊 Toplam 11 oran
   [3/9] Persijap Jepara vs Persija Jakarta
      ✅ 39 detay oran çekildi
      📊 Toplam 46 oran
   [4/9] Muş Spor Kulübü vs Aliağa Futbol
      ✅ 3 detay oran çekildi
      📊 Toplam 3 oran
   [5/9] Mardin 1969 Spor vs Kahramanmaraş İstiklal
      ✅ 3 detay oran çekildi
      📊 Toplam 3 oran
   [6/9] Aston Villa (K) vs West Ham United (K)
      ✅ 40 detay oran çekildi
      📊 Toplam 47 oran
   [7/9] Huddersfield Town U21 vs Bournemouth U21
      ✅ 40 detay oran çekildi
      📊 Toplam 40 oran
   [8/9] Peterborough United U21 vs Nottingham Forest U21
      ✅ 40 detay oran çekildi
      📊 Toplam 40 oran
   [9/9] Muğlaspor Kulübü vs Şanlıurfaspor
      ✅ 3 detay oran çekildi
      📊 Toplam 3 oran

============================================================
📊 FİNAL SONUÇ
   ⚽ Toplam maç: 9
   📊 Toplam oran: 231
   📊 Ortalama: 25 oran/maç
   ✅ Detaylı: 5
   ⏱️ Süre: 0:03:47.241054
============================================================
   💾 Toplam 386 maç kaydedildi

🎉 İşlem tamamlandı!

📌 GitHub'a yükleyin:
   git add -A
   git commit -m "Oranlar guncellendi"
   git push
[main 8d4e873] Otomatik oran guncelleme Pzt 04.05.2026 13:13:51,24
 1 file changed, 38 insertions(+), 17 deletions(-)
To https://github.com/yusufkocbiotek-sketch/iddiayusuf.git
   cbcdae6..8d4e873  main -> main
TAMAMLANDI 
 
========================================== 
ORAN GUNCELLEME BASLADI 
Tarih Saat: Pzt 04.05.2026 13:20:01,63 
========================================== 
⚽ İddaa Oran Çekici - BUGÜNÜN TÜM MAÇLARI
📅 04/05/2026 13:20
============================================================
🌐 Chrome başlatılıyor...
✅ Chrome başlatıldı!
📡 https://www.iddaa.com/program/futbol?date=04.05.2026
   ⏳ Maçlar yükleniyor (max 30sn)...
   ✅ 9 maç bulundu

🔍 Maç isimleri toplanıyor...
   📋 9 maç bulundu:
      1. Mashujaa FC vs Tabora United FC
      2. Albirex Niigata Singapore FC vs Young Lions FC
      3. Persijap Jepara vs Persija Jakarta
      4. Muş Spor Kulübü vs Aliağa Futbol
      5. Mardin 1969 Spor vs Kahramanmaraş İstiklal
      6. Aston Villa (K) vs West Ham United (K)
      7. Huddersfield Town U21 vs Bournemouth U21
      8. Peterborough United U21 vs Nottingham Forest U21
      9. Muğlaspor Kulübü vs Şanlıurfaspor

🔽 Maçlar tek tek açılıyor...

   [1/9] Mashujaa FC vs Tabora United FC
      ✅ 38 detay oran çekildi
      📊 Toplam 38 oran
   [2/9] Albirex Niigata Singapore FC vs Young Lions FC
      ✅ 11 detay oran çekildi
      📊 Toplam 11 oran
   [3/9] Persijap Jepara vs Persija Jakarta
      ✅ 39 detay oran çekildi
      📊 Toplam 46 oran
   [4/9] Muş Spor Kulübü vs Aliağa Futbol
      ✅ 3 detay oran çekildi
      📊 Toplam 3 oran
   [5/9] Mardin 1969 Spor vs Kahramanmaraş İstiklal
      ✅ 3 detay oran çekildi
      📊 Toplam 3 oran
   [6/9] Aston Villa (K) vs West Ham United (K)
      ✅ 40 detay oran çekildi
      📊 Toplam 47 oran
   [7/9] Huddersfield Town U21 vs Bournemouth U21
      ✅ 40 detay oran çekildi
      📊 Toplam 40 oran
   [8/9] Peterborough United U21 vs Nottingham Forest U21
      ✅ 40 detay oran çekildi
      📊 Toplam 40 oran
   [9/9] Muğlaspor Kulübü vs Şanlıurfaspor
      ✅ 3 detay oran çekildi
      📊 Toplam 3 oran

============================================================
📊 FİNAL SONUÇ
   ⚽ Toplam maç: 9
   📊 Toplam oran: 231
   📊 Ortalama: 25 oran/maç
   ✅ Detaylı: 5
   ⏱️ Süre: 0:03:47.565473
============================================================
   💾 Toplam 386 maç kaydedildi

🎉 İşlem tamamlandı!

📌 GitHub'a yükleyin:
   git add -A
   git commit -m "Oranlar guncellendi"
   git push
[main c691ae2] Otomatik oran guncelleme Pzt 04.05.2026 13:23:51,56
 1 file changed, 10 insertions(+), 10 deletions(-)
To https://github.com/yusufkocbiotek-sketch/iddiayusuf.git
   8d4e873..c691ae2  main -> main
TAMAMLANDI 
 
========================================== 
ORAN GUNCELLEME BASLADI 
Tarih Saat: Pzt 04.05.2026 13:30:01,62 
========================================== 
⚽ İddaa Oran Çekici - BUGÜNÜN TÜM MAÇLARI
📅 04/05/2026 13:30
============================================================
🌐 Chrome başlatılıyor...
✅ Chrome başlatıldı!
📡 https://www.iddaa.com/program/futbol?date=04.05.2026
   ⏳ Maçlar yükleniyor (max 30sn)...
   ✅ 9 maç bulundu

🔍 Maç isimleri toplanıyor...
   📋 9 maç bulundu:
      1. Mashujaa FC vs Tabora United FC
      2. Albirex Niigata Singapore FC vs Young Lions FC
      3. Persijap Jepara vs Persija Jakarta
      4. Muş Spor Kulübü vs Aliağa Futbol
      5. Mardin 1969 Spor vs Kahramanmaraş İstiklal
      6. Aston Villa (K) vs West Ham United (K)
      7. Huddersfield Town U21 vs Bournemouth U21
      8. Peterborough United U21 vs Nottingham Forest U21
      9. Muğlaspor Kulübü vs Şanlıurfaspor

🔽 Maçlar tek tek açılıyor...

   [1/9] Mashujaa FC vs Tabora United FC
      ✅ 38 detay oran çekildi
      📊 Toplam 38 oran
   [2/9] Albirex Niigata Singapore FC vs Young Lions FC
      ✅ 11 detay oran çekildi
      📊 Toplam 11 oran
   [3/9] Persijap Jepara vs Persija Jakarta
      ✅ 39 detay oran çekildi
      📊 Toplam 46 oran
   [4/9] Muş Spor Kulübü vs Aliağa Futbol
      ✅ 3 detay oran çekildi
      📊 Toplam 3 oran
   [5/9] Mardin 1969 Spor vs Kahramanmaraş İstiklal
      ✅ 3 detay oran çekildi
      📊 Toplam 3 oran
   [6/9] Aston Villa (K) vs West Ham United (K)
      ✅ 40 detay oran çekildi
      📊 Toplam 47 oran
   [7/9] Huddersfield Town U21 vs Bournemouth U21
      ✅ 40 detay oran çekildi
      📊 Toplam 40 oran
   [8/9] Peterborough United U21 vs Nottingham Forest U21
      ✅ 40 detay oran çekildi
      📊 Toplam 40 oran
   [9/9] Muğlaspor Kulübü vs Şanlıurfaspor
      ✅ 3 detay oran çekildi
      📊 Toplam 3 oran

============================================================
📊 FİNAL SONUÇ
   ⚽ Toplam maç: 9
   📊 Toplam oran: 231
   📊 Ortalama: 25 oran/maç
   ✅ Detaylı: 5
   ⏱️ Süre: 0:03:47.964918
============================================================
   💾 Toplam 386 maç kaydedildi

🎉 İşlem tamamlandı!

📌 GitHub'a yükleyin:
   git add -A
   git commit -m "Oranlar guncellendi"
   git push
[main 0afd77b] Otomatik oran guncelleme Pzt 04.05.2026 13:33:51,97
 1 file changed, 75 insertions(+), 75 deletions(-)
To https://github.com/yusufkocbiotek-sketch/iddiayusuf.git
   c691ae2..0afd77b  main -> main
TAMAMLANDI 
 
========================================== 
ORAN GUNCELLEME BASLADI 
Tarih Saat: Pzt 04.05.2026 13:40:01,62 
========================================== 
⚽ İddaa Oran Çekici - BUGÜNÜN TÜM MAÇLARI
📅 04/05/2026 13:40
============================================================
🌐 Chrome başlatılıyor...
✅ Chrome başlatıldı!
📡 https://www.iddaa.com/program/futbol?date=04.05.2026
   ⏳ Maçlar yükleniyor (max 30sn)...
   ✅ 9 maç bulundu

🔍 Maç isimleri toplanıyor...
   📋 9 maç bulundu:
      1. Mashujaa FC vs Tabora United FC
      2. Albirex Niigata Singapore FC vs Young Lions FC
      3. Persijap Jepara vs Persija Jakarta
      4. Muş Spor Kulübü vs Aliağa Futbol
      5. Mardin 1969 Spor vs Kahramanmaraş İstiklal
      6. Aston Villa (K) vs West Ham United (K)
      7. Huddersfield Town U21 vs Bournemouth U21
      8. Peterborough United U21 vs Nottingham Forest U21
      9. Muğlaspor Kulübü vs Şanlıurfaspor

🔽 Maçlar tek tek açılıyor...

   [1/9] Mashujaa FC vs Tabora United FC
      ✅ 38 detay oran çekildi
      📊 Toplam 38 oran
   [2/9] Albirex Niigata Singapore FC vs Young Lions FC
      ✅ 11 detay oran çekildi
      📊 Toplam 11 oran
   [3/9] Persijap Jepara vs Persija Jakarta
      ✅ 39 detay oran çekildi
      📊 Toplam 46 oran
   [4/9] Muş Spor Kulübü vs Aliağa Futbol
      ✅ 3 detay oran çekildi
      📊 Toplam 3 oran
   [5/9] Mardin 1969 Spor vs Kahramanmaraş İstiklal
      ✅ 3 detay oran çekildi
      📊 Toplam 3 oran
   [6/9] Aston Villa (K) vs West Ham United (K)
      ✅ 40 detay oran çekildi
      📊 Toplam 47 oran
   [7/9] Huddersfield Town U21 vs Bournemouth U21
      ✅ 40 detay oran çekildi
      📊 Toplam 40 oran
   [8/9] Peterborough United U21 vs Nottingham Forest U21
      ✅ 40 detay oran çekildi
      📊 Toplam 40 oran
   [9/9] Muğlaspor Kulübü vs Şanlıurfaspor
      ✅ 3 detay oran çekildi
      📊 Toplam 3 oran

============================================================
📊 FİNAL SONUÇ
   ⚽ Toplam maç: 9
   📊 Toplam oran: 231
   📊 Ortalama: 25 oran/maç
   ✅ Detaylı: 5
   ⏱️ Süre: 0:03:47.214448
============================================================
   💾 Toplam 386 maç kaydedildi

🎉 İşlem tamamlandı!

📌 GitHub'a yükleyin:
   git add -A
   git commit -m "Oranlar guncellendi"
   git push
[main 6514edb] Otomatik oran guncelleme Pzt 04.05.2026 13:43:51,20
 1 file changed, 72 insertions(+), 72 deletions(-)
To https://github.com/yusufkocbiotek-sketch/iddiayusuf.git
   0afd77b..6514edb  main -> main
TAMAMLANDI 
 
========================================== 
ORAN GUNCELLEME BASLADI 
Tarih Saat: Pzt 04.05.2026 13:50:01,63 
========================================== 
⚽ İddaa Oran Çekici - BUGÜNÜN TÜM MAÇLARI
📅 04/05/2026 13:50
============================================================
🌐 Chrome başlatılıyor...
✅ Chrome başlatıldı!
📡 https://www.iddaa.com/program/futbol?date=04.05.2026
   ⏳ Maçlar yükleniyor (max 30sn)...
   ✅ 9 maç bulundu

🔍 Maç isimleri toplanıyor...
   📋 9 maç bulundu:
      1. Mashujaa FC vs Tabora United FC
      2. Albirex Niigata Singapore FC vs Young Lions FC
      3. Persijap Jepara vs Persija Jakarta
      4. Muş Spor Kulübü vs Aliağa Futbol
      5. Mardin 1969 Spor vs Kahramanmaraş İstiklal
      6. Aston Villa (K) vs West Ham United (K)
      7. Huddersfield Town U21 vs Bournemouth U21
      8. Peterborough United U21 vs Nottingham Forest U21
      9. Muğlaspor Kulübü vs Şanlıurfaspor

🔽 Maçlar tek tek açılıyor...

   [1/9] Mashujaa FC vs Tabora United FC
      ✅ 38 detay oran çekildi
      📊 Toplam 38 oran
   [2/9] Albirex Niigata Singapore FC vs Young Lions FC
      ✅ 11 detay oran çekildi
      📊 Toplam 11 oran
   [3/9] Persijap Jepara vs Persija Jakarta
      ✅ 38 detay oran çekildi
      📊 Toplam 45 oran
   [4/9] Muş Spor Kulübü vs Aliağa Futbol
      ✅ 3 detay oran çekildi
      📊 Toplam 3 oran
   [5/9] Mardin 1969 Spor vs Kahramanmaraş İstiklal
      ✅ 3 detay oran çekildi
      📊 Toplam 3 oran
   [6/9] Aston Villa (K) vs West Ham United (K)
      ✅ 40 detay oran çekildi
      📊 Toplam 47 oran
   [7/9] Huddersfield Town U21 vs Bournemouth U21
      ✅ 40 detay oran çekildi
      📊 Toplam 40 oran
   [8/9] Peterborough United U21 vs Nottingham Forest U21
      ✅ 40 detay oran çekildi
      📊 Toplam 40 oran
   [9/9] Muğlaspor Kulübü vs Şanlıurfaspor
      ✅ 3 detay oran çekildi
      📊 Toplam 3 oran

============================================================
📊 FİNAL SONUÇ
   ⚽ Toplam maç: 9
   📊 Toplam oran: 230
   📊 Ortalama: 25 oran/maç
   ✅ Detaylı: 5
   ⏱️ Süre: 0:03:48.096308
============================================================
   💾 Toplam 386 maç kaydedildi

🎉 İşlem tamamlandı!

📌 GitHub'a yükleyin:
   git add -A
   git commit -m "Oranlar guncellendi"
   git push
[main 461739e] Otomatik oran guncelleme Pzt 04.05.2026 13:53:52,11
 1 file changed, 36 insertions(+), 37 deletions(-)
To https://github.com/yusufkocbiotek-sketch/iddiayusuf.git
   6514edb..461739e  main -> main
TAMAMLANDI 
 
========================================== 
ORAN GUNCELLEME BASLADI 
Tarih Saat: Pzt 04.05.2026 14:00:01,62 
========================================== 
⚽ İddaa Oran Çekici - BUGÜNÜN TÜM MAÇLARI
📅 04/05/2026 14:00
============================================================
🌐 Chrome başlatılıyor...
✅ Chrome başlatıldı!
📡 https://www.iddaa.com/program/futbol?date=04.05.2026
   ⏳ Maçlar yükleniyor (max 30sn)...
   ✅ 10 maç bulundu

🔍 Maç isimleri toplanıyor...
   📋 10 maç bulundu:
      1. Albirex Niigata Singapore FC vs Young Lions FC
      2. Persijap Jepara vs Persija Jakarta
      3. Muş Spor Kulübü vs Aliağa Futbol
      4. Mardin 1969 Spor vs Kahramanmaraş İstiklal
      5. Aston Villa (K) vs West Ham United (K)
      6. Huddersfield Town U21 vs Bournemouth U21
      7. Peterborough United U21 vs Nottingham Forest U21
      8. Muğlaspor Kulübü vs Şanlıurfaspor
      9. Defence Force FC vs Adama City FC
      10. Hawassa Kenema SC vs Sheger Ketema

🔽 Maçlar tek tek açılıyor...

   [1/10] Albirex Niigata Singapore FC vs Young Lions FC
      ✅ 11 detay oran çekildi
      📊 Toplam 11 oran
   [2/10] Persijap Jepara vs Persija Jakarta
      ✅ 38 detay oran çekildi
      📊 Toplam 45 oran
   [3/10] Muş Spor Kulübü vs Aliağa Futbol
      ✅ 3 detay oran çekildi
      📊 Toplam 3 oran
   [4/10] Mardin 1969 Spor vs Kahramanmaraş İstiklal
      ✅ 3 detay oran çekildi
      📊 Toplam 3 oran
   [5/10] Aston Villa (K) vs West Ham United (K)
      ✅ 40 detay oran çekildi
      📊 Toplam 47 oran
   [6/10] Huddersfield Town U21 vs Bournemouth U21
      ✅ 40 detay oran çekildi
      📊 Toplam 40 oran
   [7/10] Peterborough United U21 vs Nottingham Forest U21
      ✅ 40 detay oran çekildi
      📊 Toplam 40 oran
   [8/10] Muğlaspor Kulübü vs Şanlıurfaspor
      ✅ 3 detay oran çekildi
      📊 Toplam 3 oran
   [9/10] Defence Force FC vs Adama City FC
      ✅ 37 detay oran çekildi
      📊 Toplam 37 oran
   [10/10] Hawassa Kenema SC vs Sheger Ketema
      ✅ 38 detay oran çekildi
      📊 Toplam 38 oran
   💾 Toplam 386 maç kaydedildi
   💾 10 maç kaydedildi (✅10 ❌0)

============================================================
📊 FİNAL SONUÇ
   ⚽ Toplam maç: 10
   📊 Toplam oran: 267
   📊 Ortalama: 26 oran/maç
   ✅ Detaylı: 6
   ⏱️ Süre: 0:04:12.747061
============================================================
   💾 Toplam 386 maç kaydedildi

🎉 İşlem tamamlandı!

📌 GitHub'a yükleyin:
   git add -A
   git commit -m "Oranlar guncellendi"
   git push
[main 061fd44] Otomatik oran guncelleme Pzt 04.05.2026 14:04:16,75
 1 file changed, 220 insertions(+), 143 deletions(-)
To https://github.com/yusufkocbiotek-sketch/iddiayusuf.git
   461739e..061fd44  main -> main
TAMAMLANDI 
 
========================================== 
ORAN GUNCELLEME BASLADI 
Tarih Saat: Pzt 04.05.2026 14:10:01,63 
========================================== 
⚽ İddaa Oran Çekici - BUGÜNÜN TÜM MAÇLARI
📅 04/05/2026 14:10
============================================================
🌐 Chrome başlatılıyor...
✅ Chrome başlatıldı!
📡 https://www.iddaa.com/program/futbol?date=04.05.2026
   ⏳ Maçlar yükleniyor (max 30sn)...
   ✅ 10 maç bulundu

🔍 Maç isimleri toplanıyor...
   📋 10 maç bulundu:
      1. Albirex Niigata Singapore FC vs Young Lions FC
      2. Persijap Jepara vs Persija Jakarta
      3. Muş Spor Kulübü vs Aliağa Futbol
      4. Mardin 1969 Spor vs Kahramanmaraş İstiklal
      5. Aston Villa (K) vs West Ham United (K)
      6. Huddersfield Town U21 vs Bournemouth U21
      7. Peterborough United U21 vs Nottingham Forest U21
      8. Muğlaspor Kulübü vs Şanlıurfaspor
      9. Defence Force FC vs Adama City FC
      10. Hawassa Kenema SC vs Sheger Ketema

🔽 Maçlar tek tek açılıyor...

   [1/10] Albirex Niigata Singapore FC vs Young Lions FC
      ✅ 11 detay oran çekildi
      📊 Toplam 11 oran
   [2/10] Persijap Jepara vs Persija Jakarta
      ✅ 38 detay oran çekildi
      📊 Toplam 45 oran
   [3/10] Muş Spor Kulübü vs Aliağa Futbol
      ✅ 3 detay oran çekildi
      📊 Toplam 3 oran
   [4/10] Mardin 1969 Spor vs Kahramanmaraş İstiklal
      ✅ 3 detay oran çekildi
      📊 Toplam 3 oran
   [5/10] Aston Villa (K) vs West Ham United (K)
      ✅ 40 detay oran çekildi
      📊 Toplam 47 oran
   [6/10] Huddersfield Town U21 vs Bournemouth U21
      ✅ 40 detay oran çekildi
      📊 Toplam 40 oran
   [7/10] Peterborough United U21 vs Nottingham Forest U21
      ✅ 40 detay oran çekildi
      📊 Toplam 40 oran
   [8/10] Muğlaspor Kulübü vs Şanlıurfaspor
      ✅ 3 detay oran çekildi
      📊 Toplam 3 oran
   [9/10] Defence Force FC vs Adama City FC
      ✅ 37 detay oran çekildi
      📊 Toplam 37 oran
   [10/10] Hawassa Kenema SC vs Sheger Ketema
      ✅ 38 detay oran çekildi
      📊 Toplam 38 oran
   💾 Toplam 386 maç kaydedildi
   💾 10 maç kaydedildi (✅10 ❌0)

============================================================
📊 FİNAL SONUÇ
   ⚽ Toplam maç: 10
   📊 Toplam oran: 267
   📊 Ortalama: 26 oran/maç
   ✅ Detaylı: 6
   ⏱️ Süre: 0:04:12.309469
============================================================
   💾 Toplam 386 maç kaydedildi

🎉 İşlem tamamlandı!

📌 GitHub'a yükleyin:
   git add -A
   git commit -m "Oranlar guncellendi"
   git push
[main fd555e0] Otomatik oran guncelleme Pzt 04.05.2026 14:14:16,35
 1 file changed, 109 insertions(+), 109 deletions(-)
To https://github.com/yusufkocbiotek-sketch/iddiayusuf.git
   061fd44..fd555e0  main -> main
TAMAMLANDI 
 
========================================== 
ORAN GUNCELLEME BASLADI 
Tarih Saat: Pzt 04.05.2026 14:20:01,62 
========================================== 
⚽ İddaa Oran Çekici - BUGÜNÜN TÜM MAÇLARI
📅 04/05/2026 14:20
============================================================
🌐 Chrome başlatılıyor...
✅ Chrome başlatıldı!
📡 https://www.iddaa.com/program/futbol?date=04.05.2026
   ⏳ Maçlar yükleniyor (max 30sn)...
   ✅ 10 maç bulundu

🔍 Maç isimleri toplanıyor...
   📋 10 maç bulundu:
      1. Albirex Niigata Singapore FC vs Young Lions FC
      2. Persijap Jepara vs Persija Jakarta
      3. Muş Spor Kulübü vs Aliağa Futbol
      4. Mardin 1969 Spor vs Kahramanmaraş İstiklal
      5. Aston Villa (K) vs West Ham United (K)
      6. Huddersfield Town U21 vs Bournemouth U21
      7. Peterborough United U21 vs Nottingham Forest U21
      8. Muğlaspor Kulübü vs Şanlıurfaspor
      9. Defence Force FC vs Adama City FC
      10. Hawassa Kenema SC vs Sheger Ketema

🔽 Maçlar tek tek açılıyor...

   [1/10] Albirex Niigata Singapore FC vs Young Lions FC
      ✅ 11 detay oran çekildi
      📊 Toplam 11 oran
   [2/10] Persijap Jepara vs Persija Jakarta
      ✅ 40 detay oran çekildi
      📊 Toplam 47 oran
   [3/10] Muş Spor Kulübü vs Aliağa Futbol
      ✅ 3 detay oran çekildi
      📊 Toplam 3 oran
   [4/10] Mardin 1969 Spor vs Kahramanmaraş İstiklal
      ✅ 3 detay oran çekildi
      📊 Toplam 3 oran
   [5/10] Aston Villa (K) vs West Ham United (K)
      ✅ 40 detay oran çekildi
      📊 Toplam 47 oran
   [6/10] Huddersfield Town U21 vs Bournemouth U21
      ✅ 40 detay oran çekildi
      📊 Toplam 40 oran
   [7/10] Peterborough United U21 vs Nottingham Forest U21
      ✅ 40 detay oran çekildi
      📊 Toplam 40 oran
   [8/10] Muğlaspor Kulübü vs Şanlıurfaspor
      ✅ 3 detay oran çekildi
      📊 Toplam 3 oran
   [9/10] Defence Force FC vs Adama City FC
      ✅ 37 detay oran çekildi
      📊 Toplam 37 oran
   [10/10] Hawassa Kenema SC vs Sheger Ketema
      ✅ 38 detay oran çekildi
      📊 Toplam 38 oran
   💾 Toplam 386 maç kaydedildi
   💾 10 maç kaydedildi (✅10 ❌0)

============================================================
📊 FİNAL SONUÇ
   ⚽ Toplam maç: 10
   📊 Toplam oran: 269
   📊 Ortalama: 26 oran/maç
   ✅ Detaylı: 6
   ⏱️ Süre: 0:04:12.793201
============================================================
   💾 Toplam 386 maç kaydedildi

🎉 İşlem tamamlandı!

📌 GitHub'a yükleyin:
   git add -A
   git commit -m "Oranlar guncellendi"
   git push
[main 3fd96fd] Otomatik oran guncelleme Pzt 04.05.2026 14:24:16,78
 1 file changed, 103 insertions(+), 101 deletions(-)
To https://github.com/yusufkocbiotek-sketch/iddiayusuf.git
   fd555e0..3fd96fd  main -> main
TAMAMLANDI 
 
========================================== 
ORAN GUNCELLEME BASLADI 
Tarih Saat: Pzt 04.05.2026 14:30:01,63 
========================================== 
⚽ İddaa Oran Çekici - BUGÜNÜN TÜM MAÇLARI
📅 04/05/2026 14:30
============================================================
🌐 Chrome başlatılıyor...
✅ Chrome başlatıldı!
📡 https://www.iddaa.com/program/futbol?date=04.05.2026
   ⏳ Maçlar yükleniyor (max 30sn)...
   ✅ 10 maç bulundu

🔍 Maç isimleri toplanıyor...
   📋 10 maç bulundu:
      1. Albirex Niigata Singapore FC vs Young Lions FC
      2. Persijap Jepara vs Persija Jakarta
      3. Muş Spor Kulübü vs Aliağa Futbol
      4. Mardin 1969 Spor vs Kahramanmaraş İstiklal
      5. Aston Villa (K) vs West Ham United (K)
      6. Huddersfield Town U21 vs Bournemouth U21
      7. Peterborough United U21 vs Nottingham Forest U21
      8. Muğlaspor Kulübü vs Şanlıurfaspor
      9. Defence Force FC vs Adama City FC
      10. Hawassa Kenema SC vs Sheger Ketema

🔽 Maçlar tek tek açılıyor...

   [1/10] Albirex Niigata Singapore FC vs Young Lions FC
      ⏳ Deneme 1 başarısız, 30sn sonra tekrar...
      ⏳ Deneme 2 başarısız, 30sn sonra tekrar...
      ❌ 3 deneme de başarısız oldu
      📊 Toplam 0 oran
   [2/10] Persijap Jepara vs Persija Jakarta
      ✅ 40 detay oran çekildi
      📊 Toplam 47 oran
   [3/10] Muş Spor Kulübü vs Aliağa Futbol
      ✅ 3 detay oran çekildi
      📊 Toplam 3 oran
   [4/10] Mardin 1969 Spor vs Kahramanmaraş İstiklal
      ✅ 3 detay oran çekildi
      📊 Toplam 3 oran
   [5/10] Aston Villa (K) vs West Ham United (K)
      ✅ 40 detay oran çekildi
      📊 Toplam 47 oran
   [6/10] Huddersfield Town U21 vs Bournemouth U21
      ✅ 40 detay oran çekildi
      📊 Toplam 40 oran
   [7/10] Peterborough United U21 vs Nottingham Forest U21
      ✅ 40 detay oran çekildi
      📊 Toplam 40 oran
   [8/10] Muğlaspor Kulübü vs Şanlıurfaspor
      ✅ 3 detay oran çekildi
      📊 Toplam 3 oran
   [9/10] Defence Force FC vs Adama City FC
      ✅ 34 detay oran çekildi
      📊 Toplam 34 oran
   [10/10] Hawassa Kenema SC vs Sheger Ketema
      ✅ 38 detay oran çekildi
      📊 Toplam 38 oran
   💾 Toplam 386 maç kaydedildi
   💾 10 maç kaydedildi (✅9 ❌1)

============================================================
📊 FİNAL SONUÇ
   ⚽ Toplam maç: 10
   📊 Toplam oran: 255
   📊 Ortalama: 25 oran/maç
   ✅ Detaylı: 6
   ⏱️ Süre: 0:05:34.324740
============================================================
   💾 Toplam 386 maç kaydedildi

🎉 İşlem tamamlandı!

📌 GitHub'a yükleyin:
   git add -A
   git commit -m "Oranlar guncellendi"
   git push
[main 3bf1084] Otomatik oran guncelleme Pzt 04.05.2026 14:35:38,33
 1 file changed, 103 insertions(+), 118 deletions(-)
To https://github.com/yusufkocbiotek-sketch/iddiayusuf.git
   3fd96fd..3bf1084  main -> main
TAMAMLANDI 
 
========================================== 
ORAN GUNCELLEME BASLADI 
Tarih Saat: Pzt 04.05.2026 14:40:01,63 
========================================== 
⚽ İddaa Oran Çekici - BUGÜNÜN TÜM MAÇLARI
📅 04/05/2026 14:40
============================================================
🌐 Chrome başlatılıyor...
✅ Chrome başlatıldı!
📡 https://www.iddaa.com/program/futbol?date=04.05.2026
   ⏳ Maçlar yükleniyor (max 30sn)...
   ✅ 9 maç bulundu

🔍 Maç isimleri toplanıyor...
   📋 9 maç bulundu:
      1. Persijap Jepara vs Persija Jakarta
      2. Muş Spor Kulübü vs Aliağa Futbol
      3. Mardin 1969 Spor vs Kahramanmaraş İstiklal
      4. Aston Villa (K) vs West Ham United (K)
      5. Huddersfield Town U21 vs Bournemouth U21
      6. Peterborough United U21 vs Nottingham Forest U21
      7. Muğlaspor Kulübü vs Şanlıurfaspor
      8. Defence Force FC vs Adama City FC
      9. Hawassa Kenema SC vs Sheger Ketema

🔽 Maçlar tek tek açılıyor...

   [1/9] Persijap Jepara vs Persija Jakarta
      ✅ 40 detay oran çekildi
      📊 Toplam 47 oran
   [2/9] Muş Spor Kulübü vs Aliağa Futbol
      ✅ 3 detay oran çekildi
      📊 Toplam 3 oran
   [3/9] Mardin 1969 Spor vs Kahramanmaraş İstiklal
      ✅ 3 detay oran çekildi
      📊 Toplam 3 oran
   [4/9] Aston Villa (K) vs West Ham United (K)
      ✅ 40 detay oran çekildi
      📊 Toplam 47 oran
   [5/9] Huddersfield Town U21 vs Bournemouth U21
      ✅ 40 detay oran çekildi
      📊 Toplam 40 oran
   [6/9] Peterborough United U21 vs Nottingham Forest U21
      ✅ 40 detay oran çekildi
      📊 Toplam 40 oran
   [7/9] Muğlaspor Kulübü vs Şanlıurfaspor
      ✅ 3 detay oran çekildi
      📊 Toplam 3 oran
   [8/9] Defence Force FC vs Adama City FC
      ✅ 34 detay oran çekildi
      📊 Toplam 34 oran
   [9/9] Hawassa Kenema SC vs Sheger Ketema
      ✅ 38 detay oran çekildi
      📊 Toplam 38 oran

============================================================
📊 FİNAL SONUÇ
   ⚽ Toplam maç: 9
   📊 Toplam oran: 255
   📊 Ortalama: 28 oran/maç
   ✅ Detaylı: 6
   ⏱️ Süre: 0:03:47.152488
============================================================
   💾 Toplam 386 maç kaydedildi

🎉 İşlem tamamlandı!

📌 GitHub'a yükleyin:
   git add -A
   git commit -m "Oranlar guncellendi"
   git push
[main 6ccff55] Otomatik oran guncelleme Pzt 04.05.2026 14:43:51,16
 1 file changed, 10 insertions(+), 10 deletions(-)
To https://github.com/yusufkocbiotek-sketch/iddiayusuf.git
   3bf1084..6ccff55  main -> main
TAMAMLANDI 
 
========================================== 
ORAN GUNCELLEME BASLADI 
Tarih Saat: Pzt 04.05.2026 14:50:01,63 
========================================== 
⚽ İddaa Oran Çekici - BUGÜNÜN TÜM MAÇLARI
📅 04/05/2026 14:50
============================================================
🌐 Chrome başlatılıyor...
✅ Chrome başlatıldı!
📡 https://www.iddaa.com/program/futbol?date=04.05.2026
   ⏳ Maçlar yükleniyor (max 30sn)...
   ✅ 9 maç bulundu

🔍 Maç isimleri toplanıyor...
   📋 9 maç bulundu:
      1. Persijap Jepara vs Persija Jakarta
      2. Muş Spor Kulübü vs Aliağa Futbol
      3. Mardin 1969 Spor vs Kahramanmaraş İstiklal
      4. Aston Villa (K) vs West Ham United (K)
      5. Huddersfield Town U21 vs Bournemouth U21
      6. Peterborough United U21 vs Nottingham Forest U21
      7. Muğlaspor Kulübü vs Şanlıurfaspor
      8. Defence Force FC vs Adama City FC
      9. Hawassa Kenema SC vs Sheger Ketema

🔽 Maçlar tek tek açılıyor...

   [1/9] Persijap Jepara vs Persija Jakarta
      ✅ 40 detay oran çekildi
      📊 Toplam 47 oran
   [2/9] Muş Spor Kulübü vs Aliağa Futbol
      ✅ 3 detay oran çekildi
      📊 Toplam 3 oran
   [3/9] Mardin 1969 Spor vs Kahramanmaraş İstiklal
      ✅ 3 detay oran çekildi
      📊 Toplam 3 oran
   [4/9] Aston Villa (K) vs West Ham United (K)
      ✅ 40 detay oran çekildi
      📊 Toplam 47 oran
   [5/9] Huddersfield Town U21 vs Bournemouth U21
      ✅ 40 detay oran çekildi
      📊 Toplam 40 oran
   [6/9] Peterborough United U21 vs Nottingham Forest U21
      ✅ 40 detay oran çekildi
      📊 Toplam 40 oran
   [7/9] Muğlaspor Kulübü vs Şanlıurfaspor
      ✅ 3 detay oran çekildi
      📊 Toplam 3 oran
   [8/9] Defence Force FC vs Adama City FC
      ✅ 34 detay oran çekildi
      📊 Toplam 34 oran
   [9/9] Hawassa Kenema SC vs Sheger Ketema
      ✅ 38 detay oran çekildi
      📊 Toplam 38 oran

============================================================
📊 FİNAL SONUÇ
   ⚽ Toplam maç: 9
   📊 Toplam oran: 255
   📊 Ortalama: 28 oran/maç
   ✅ Detaylı: 6
   ⏱️ Süre: 0:03:47.065611
============================================================
   💾 Toplam 386 maç kaydedildi

🎉 İşlem tamamlandı!

📌 GitHub'a yükleyin:
   git add -A
   git commit -m "Oranlar guncellendi"
   git push
[main c101d96] Otomatik oran guncelleme Pzt 04.05.2026 14:53:51,08
 1 file changed, 68 insertions(+), 68 deletions(-)
To https://github.com/yusufkocbiotek-sketch/iddiayusuf.git
   6ccff55..c101d96  main -> main
TAMAMLANDI 
 
========================================== 
ORAN GUNCELLEME BASLADI 
Tarih Saat: Pzt 04.05.2026 15:00:01,63 
========================================== 
⚽ İddaa Oran Çekici - BUGÜNÜN TÜM MAÇLARI
📅 04/05/2026 15:00
============================================================
🌐 Chrome başlatılıyor...
✅ Chrome başlatıldı!
📡 https://www.iddaa.com/program/futbol?date=04.05.2026
   ⏳ Maçlar yükleniyor (max 30sn)...
   ✅ 8 maç bulundu

🔍 Maç isimleri toplanıyor...
   📋 8 maç bulundu:
      1. Muğlaspor Kulübü vs Şanlıurfaspor
      2. Defence Force FC vs Adama City FC
      3. Hawassa Kenema SC vs Sheger Ketema
      4. NK Dugopolje vs HNK Cibalia Vinkovci
      5. Al-Khaboora vs Saham
      6. Odisha FC vs Bengaluru FC
      7. FC Ural vs Shinnik Yar.
      8. Küçükçekmece Sinop SK vs Çorlu Spor 1947

🔽 Maçlar tek tek açılıyor...

   [1/8] Muğlaspor Kulübü vs Şanlıurfaspor
      ✅ 3 detay oran çekildi
      📊 Toplam 3 oran
   [2/8] Defence Force FC vs Adama City FC
      ✅ 34 detay oran çekildi
      📊 Toplam 34 oran
   [3/8] Hawassa Kenema SC vs Sheger Ketema
      ✅ 38 detay oran çekildi
      📊 Toplam 38 oran
   [4/8] NK Dugopolje vs HNK Cibalia Vinkovci
      ✅ 19 detay oran çekildi
      📊 Toplam 19 oran
   [5/8] Al-Khaboora vs Saham
      ✅ 19 detay oran çekildi
      📊 Toplam 19 oran
   [6/8] Odisha FC vs Bengaluru FC
      ✅ 12 detay oran çekildi
      📊 Toplam 12 oran
   [7/8] FC Ural vs Shinnik Yar.
      ✅ 38 detay oran çekildi
      📊 Toplam 45 oran
   [8/8] Küçükçekmece Sinop SK vs Çorlu Spor 1947
      ✅ 3 detay oran çekildi
      📊 Toplam 3 oran

============================================================
📊 FİNAL SONUÇ
   ⚽ Toplam maç: 8
   📊 Toplam oran: 173
   📊 Ortalama: 21 oran/maç
   ✅ Detaylı: 5
   ⏱️ Süre: 0:03:23.005394
============================================================
   💾 Toplam 391 maç kaydedildi

🎉 İşlem tamamlandı!

📌 GitHub'a yükleyin:
   git add -A
   git commit -m "Oranlar guncellendi"
   git push
[main a676a9e] Otomatik oran guncelleme Pzt 04.05.2026 15:03:27,03
 1 file changed, 198 insertions(+), 10 deletions(-)
To https://github.com/yusufkocbiotek-sketch/iddiayusuf.git
   c101d96..a676a9e  main -> main
TAMAMLANDI 
 
========================================== 
ORAN GUNCELLEME BASLADI 
Tarih Saat: Pzt 04.05.2026 15:10:01,64 
========================================== 
⚽ İddaa Oran Çekici - BUGÜNÜN TÜM MAÇLARI
📅 04/05/2026 15:10
============================================================
🌐 Chrome başlatılıyor...
✅ Chrome başlatıldı!
📡 https://www.iddaa.com/program/futbol?date=04.05.2026
   ⏳ Maçlar yükleniyor (max 30sn)...
   ✅ 8 maç bulundu

🔍 Maç isimleri toplanıyor...
   📋 8 maç bulundu:
      1. Muğlaspor Kulübü vs Şanlıurfaspor
      2. Defence Force FC vs Adama City FC
      3. Hawassa Kenema SC vs Sheger Ketema
      4. NK Dugopolje vs HNK Cibalia Vinkovci
      5. Al-Khaboora vs Saham
      6. Odisha FC vs Bengaluru FC
      7. FC Ural vs Shinnik Yar.
      8. Küçükçekmece Sinop SK vs Çorlu Spor 1947

🔽 Maçlar tek tek açılıyor...

   [1/8] Muğlaspor Kulübü vs Şanlıurfaspor
      ✅ 3 detay oran çekildi
      📊 Toplam 3 oran
   [2/8] Defence Force FC vs Adama City FC
      ✅ 34 detay oran çekildi
      📊 Toplam 34 oran
   [3/8] Hawassa Kenema SC vs Sheger Ketema
      ✅ 38 detay oran çekildi
      📊 Toplam 38 oran
   [4/8] NK Dugopolje vs HNK Cibalia Vinkovci
      ✅ 19 detay oran çekildi
      📊 Toplam 19 oran
   [5/8] Al-Khaboora vs Saham
      ✅ 19 detay oran çekildi
      📊 Toplam 19 oran
   [6/8] Odisha FC vs Bengaluru FC
      ✅ 12 detay oran çekildi
      📊 Toplam 12 oran
   [7/8] FC Ural vs Shinnik Yar.
      ✅ 38 detay oran çekildi
      📊 Toplam 45 oran
   [8/8] Küçükçekmece Sinop SK vs Çorlu Spor 1947
      ✅ 3 detay oran çekildi
      📊 Toplam 3 oran

============================================================
📊 FİNAL SONUÇ
   ⚽ Toplam maç: 8
   📊 Toplam oran: 173
   📊 Ortalama: 21 oran/maç
   ✅ Detaylı: 5
   ⏱️ Süre: 0:03:22.758429
============================================================
   💾 Toplam 391 maç kaydedildi

🎉 İşlem tamamlandı!

📌 GitHub'a yükleyin:
   git add -A
   git commit -m "Oranlar guncellendi"
   git push
[main 9d6c8fb] Otomatik oran guncelleme Pzt 04.05.2026 15:13:26,77
 1 file changed, 26 insertions(+), 26 deletions(-)
To https://github.com/yusufkocbiotek-sketch/iddiayusuf.git
   a676a9e..9d6c8fb  main -> main
TAMAMLANDI 
 
========================================== 
ORAN GUNCELLEME BASLADI 
Tarih Saat: Pzt 04.05.2026 15:20:01,62 
========================================== 
⚽ İddaa Oran Çekici - BUGÜNÜN TÜM MAÇLARI
📅 04/05/2026 15:20
============================================================
🌐 Chrome başlatılıyor...
✅ Chrome başlatıldı!
📡 https://www.iddaa.com/program/futbol?date=04.05.2026
   ⏳ Maçlar yükleniyor (max 30sn)...
   ✅ 8 maç bulundu

🔍 Maç isimleri toplanıyor...
   📋 8 maç bulundu:
      1. Muğlaspor Kulübü vs Şanlıurfaspor
      2. Defence Force FC vs Adama City FC
      3. Hawassa Kenema SC vs Sheger Ketema
      4. NK Dugopolje vs HNK Cibalia Vinkovci
      5. Al-Khaboora vs Saham
      6. Odisha FC vs Bengaluru FC
      7. FC Ural vs Shinnik Yar.
      8. Küçükçekmece Sinop SK vs Çorlu Spor 1947

🔽 Maçlar tek tek açılıyor...

   [1/8] Muğlaspor Kulübü vs Şanlıurfaspor
      ✅ 3 detay oran çekildi
      📊 Toplam 3 oran
   [2/8] Defence Force FC vs Adama City FC
      ✅ 34 detay oran çekildi
      📊 Toplam 34 oran
   [3/8] Hawassa Kenema SC vs Sheger Ketema
      ✅ 38 detay oran çekildi
      📊 Toplam 38 oran
   [4/8] NK Dugopolje vs HNK Cibalia Vinkovci
      ✅ 19 detay oran çekildi
      📊 Toplam 19 oran
   [5/8] Al-Khaboora vs Saham
      ✅ 19 detay oran çekildi
      📊 Toplam 19 oran
   [6/8] Odisha FC vs Bengaluru FC
      ✅ 12 detay oran çekildi
      📊 Toplam 12 oran
   [7/8] FC Ural vs Shinnik Yar.
      ✅ 38 detay oran çekildi
      📊 Toplam 45 oran
   [8/8] Küçükçekmece Sinop SK vs Çorlu Spor 1947
      ✅ 3 detay oran çekildi
      📊 Toplam 3 oran

============================================================
📊 FİNAL SONUÇ
   ⚽ Toplam maç: 8
   📊 Toplam oran: 173
   📊 Ortalama: 21 oran/maç
   ✅ Detaylı: 5
   ⏱️ Süre: 0:03:22.718675
============================================================
   💾 Toplam 391 maç kaydedildi

🎉 İşlem tamamlandı!

📌 GitHub'a yükleyin:
   git add -A
   git commit -m "Oranlar guncellendi"
   git push
[main a441c7b] Otomatik oran guncelleme Pzt 04.05.2026 15:23:26,70
 1 file changed, 49 insertions(+), 49 deletions(-)
To https://github.com/yusufkocbiotek-sketch/iddiayusuf.git
   9d6c8fb..a441c7b  main -> main
TAMAMLANDI 
 
========================================== 
ORAN GUNCELLEME BASLADI 
Tarih Saat: Pzt 04.05.2026 15:30:01,62 
========================================== 
⚽ İddaa Oran Çekici - BUGÜNÜN TÜM MAÇLARI
📅 04/05/2026 15:30
============================================================
🌐 Chrome başlatılıyor...
✅ Chrome başlatıldı!
📡 https://www.iddaa.com/program/futbol?date=04.05.2026
   ⏳ Maçlar yükleniyor (max 30sn)...
   ✅ 8 maç bulundu

🔍 Maç isimleri toplanıyor...
   📋 8 maç bulundu:
      1. Muğlaspor Kulübü vs Şanlıurfaspor
      2. Defence Force FC vs Adama City FC
      3. Hawassa Kenema SC vs Sheger Ketema
      4. NK Dugopolje vs HNK Cibalia Vinkovci
      5. Al-Khaboora vs Saham
      6. Odisha FC vs Bengaluru FC
      7. FC Ural vs Shinnik Yar.
      8. Küçükçekmece Sinop SK vs Çorlu Spor 1947

🔽 Maçlar tek tek açılıyor...

   [1/8] Muğlaspor Kulübü vs Şanlıurfaspor
      ✅ 3 detay oran çekildi
      📊 Toplam 3 oran
   [2/8] Defence Force FC vs Adama City FC
      ✅ 34 detay oran çekildi
      📊 Toplam 34 oran
   [3/8] Hawassa Kenema SC vs Sheger Ketema
      ✅ 38 detay oran çekildi
      📊 Toplam 38 oran
   [4/8] NK Dugopolje vs HNK Cibalia Vinkovci
      ✅ 19 detay oran çekildi
      📊 Toplam 19 oran
   [5/8] Al-Khaboora vs Saham
      ✅ 19 detay oran çekildi
      📊 Toplam 19 oran
   [6/8] Odisha FC vs Bengaluru FC
      ✅ 12 detay oran çekildi
      📊 Toplam 12 oran
   [7/8] FC Ural vs Shinnik Yar.
      ✅ 38 detay oran çekildi
      📊 Toplam 45 oran
   [8/8] Küçükçekmece Sinop SK vs Çorlu Spor 1947
      ✅ 3 detay oran çekildi
      📊 Toplam 3 oran

============================================================
📊 FİNAL SONUÇ
   ⚽ Toplam maç: 8
   📊 Toplam oran: 173
   📊 Ortalama: 21 oran/maç
   ✅ Detaylı: 5
   ⏱️ Süre: 0:03:23.238724
============================================================
   💾 Toplam 391 maç kaydedildi

🎉 İşlem tamamlandı!

📌 GitHub'a yükleyin:
   git add -A
   git commit -m "Oranlar guncellendi"
   git push
[main c9a8b0a] Otomatik oran guncelleme Pzt 04.05.2026 15:33:27,25
 1 file changed, 43 insertions(+), 43 deletions(-)
To https://github.com/yusufkocbiotek-sketch/iddiayusuf.git
   a441c7b..c9a8b0a  main -> main
TAMAMLANDI 
 
========================================== 
ORAN GUNCELLEME BASLADI 
Tarih Saat: Pzt 04.05.2026 15:40:01,62 
========================================== 
⚽ İddaa Oran Çekici - BUGÜNÜN TÜM MAÇLARI
📅 04/05/2026 15:40
============================================================
🌐 Chrome başlatılıyor...
✅ Chrome başlatıldı!
📡 https://www.iddaa.com/program/futbol?date=04.05.2026
   ⏳ Maçlar yükleniyor (max 30sn)...
   ✅ 8 maç bulundu

🔍 Maç isimleri toplanıyor...
   📋 8 maç bulundu:
      1. Muğlaspor Kulübü vs Şanlıurfaspor
      2. Defence Force FC vs Adama City FC
      3. Hawassa Kenema SC vs Sheger Ketema
      4. NK Dugopolje vs HNK Cibalia Vinkovci
      5. Al-Khaboora vs Saham
      6. Odisha FC vs Bengaluru FC
      7. FC Ural vs Shinnik Yar.
      8. Küçükçekmece Sinop SK vs Çorlu Spor 1947

🔽 Maçlar tek tek açılıyor...

   [1/8] Muğlaspor Kulübü vs Şanlıurfaspor
      ✅ 3 detay oran çekildi
      📊 Toplam 3 oran
   [2/8] Defence Force FC vs Adama City FC
      ✅ 34 detay oran çekildi
      📊 Toplam 34 oran
   [3/8] Hawassa Kenema SC vs Sheger Ketema
      ✅ 38 detay oran çekildi
      📊 Toplam 38 oran
   [4/8] NK Dugopolje vs HNK Cibalia Vinkovci
      ✅ 19 detay oran çekildi
      📊 Toplam 19 oran
   [5/8] Al-Khaboora vs Saham
      ✅ 19 detay oran çekildi
      📊 Toplam 19 oran
   [6/8] Odisha FC vs Bengaluru FC
      ✅ 12 detay oran çekildi
      📊 Toplam 12 oran
   [7/8] FC Ural vs Shinnik Yar.
      ✅ 38 detay oran çekildi
      📊 Toplam 45 oran
   [8/8] Küçükçekmece Sinop SK vs Çorlu Spor 1947
      ✅ 3 detay oran çekildi
      📊 Toplam 3 oran

============================================================
📊 FİNAL SONUÇ
   ⚽ Toplam maç: 8
   📊 Toplam oran: 173
   📊 Ortalama: 21 oran/maç
   ✅ Detaylı: 5
   ⏱️ Süre: 0:03:23.217717
============================================================
   💾 Toplam 391 maç kaydedildi

🎉 İşlem tamamlandı!

📌 GitHub'a yükleyin:
   git add -A
   git commit -m "Oranlar guncellendi"
   git push
[main a43113f] Otomatik oran guncelleme Pzt 04.05.2026 15:43:27,21
 1 file changed, 15 insertions(+), 15 deletions(-)
To https://github.com/yusufkocbiotek-sketch/iddiayusuf.git
   c9a8b0a..a43113f  main -> main
TAMAMLANDI 
 
========================================== 
ORAN GUNCELLEME BASLADI 
Tarih Saat: Pzt 04.05.2026 15:50:01,63 
========================================== 
⚽ İddaa Oran Çekici - BUGÜNÜN TÜM MAÇLARI
📅 04/05/2026 15:50
============================================================
🌐 Chrome başlatılıyor...
✅ Chrome başlatıldı!
📡 https://www.iddaa.com/program/futbol?date=04.05.2026
   ⏳ Maçlar yükleniyor (max 30sn)...
   ✅ 8 maç bulundu

🔍 Maç isimleri toplanıyor...
   📋 8 maç bulundu:
      1. Muğlaspor Kulübü vs Şanlıurfaspor
      2. Defence Force FC vs Adama City FC
      3. Hawassa Kenema SC vs Sheger Ketema
      4. NK Dugopolje vs HNK Cibalia Vinkovci
      5. Al-Khaboora vs Saham
      6. Odisha FC vs Bengaluru FC
      7. FC Ural vs Shinnik Yar.
      8. Küçükçekmece Sinop SK vs Çorlu Spor 1947

🔽 Maçlar tek tek açılıyor...

   [1/8] Muğlaspor Kulübü vs Şanlıurfaspor
      ✅ 3 detay oran çekildi
      📊 Toplam 3 oran
   [2/8] Defence Force FC vs Adama City FC
      ✅ 34 detay oran çekildi
      📊 Toplam 34 oran
   [3/8] Hawassa Kenema SC vs Sheger Ketema
      ✅ 38 detay oran çekildi
      📊 Toplam 38 oran
   [4/8] NK Dugopolje vs HNK Cibalia Vinkovci
      ✅ 19 detay oran çekildi
      📊 Toplam 19 oran
   [5/8] Al-Khaboora vs Saham
      ✅ 19 detay oran çekildi
      📊 Toplam 19 oran
   [6/8] Odisha FC vs Bengaluru FC
      ✅ 12 detay oran çekildi
      📊 Toplam 12 oran
   [7/8] FC Ural vs Shinnik Yar.
      ✅ 38 detay oran çekildi
      📊 Toplam 45 oran
   [8/8] Küçükçekmece Sinop SK vs Çorlu Spor 1947
      ✅ 3 detay oran çekildi
      📊 Toplam 3 oran

============================================================
📊 FİNAL SONUÇ
   ⚽ Toplam maç: 8
   📊 Toplam oran: 173
   📊 Ortalama: 21 oran/maç
   ✅ Detaylı: 5
   ⏱️ Süre: 0:03:22.157390
============================================================
   💾 Toplam 391 maç kaydedildi

🎉 İşlem tamamlandı!

📌 GitHub'a yükleyin:
   git add -A
   git commit -m "Oranlar guncellendi"
   git push
[main 5b3449f] Otomatik oran guncelleme Pzt 04.05.2026 15:53:26,16
 1 file changed, 9 insertions(+), 9 deletions(-)
To https://github.com/yusufkocbiotek-sketch/iddiayusuf.git
   a43113f..5b3449f  main -> main
TAMAMLANDI 
 
========================================== 
ORAN GUNCELLEME BASLADI 
Tarih Saat: Pzt 04.05.2026 16:00:01,63 
========================================== 
⚽ İddaa Oran Çekici - BUGÜNÜN TÜM MAÇLARI
📅 04/05/2026 16:00
============================================================
🌐 Chrome başlatılıyor...
✅ Chrome başlatıldı!
📡 https://www.iddaa.com/program/futbol?date=04.05.2026
   ⏳ Maçlar yükleniyor (max 30sn)...
   ✅ 8 maç bulundu

🔍 Maç isimleri toplanıyor...
   📋 8 maç bulundu:
      1. Muğlaspor Kulübü vs Şanlıurfaspor
      2. Defence Force FC vs Adama City FC
      3. Hawassa Kenema SC vs Sheger Ketema
      4. NK Dugopolje vs HNK Cibalia Vinkovci
      5. Al-Khaboora vs Saham
      6. Odisha FC vs Bengaluru FC
      7. FC Ural vs Shinnik Yar.
      8. Küçükçekmece Sinop SK vs Çorlu Spor 1947

🔽 Maçlar tek tek açılıyor...

   [1/8] Muğlaspor Kulübü vs Şanlıurfaspor
      ⏳ Deneme 1 başarısız, 30sn sonra tekrar...
      ⏳ Deneme 2 başarısız, 30sn sonra tekrar...
      ❌ 3 deneme de başarısız oldu
      📊 Toplam 0 oran
   [2/8] Defence Force FC vs Adama City FC
      ⏳ Deneme 1 başarısız, 30sn sonra tekrar...
      ⏳ Deneme 2 başarısız, 30sn sonra tekrar...
      ❌ 3 deneme de başarısız oldu
      📊 Toplam 0 oran
   [3/8] Hawassa Kenema SC vs Sheger Ketema
      ⏳ Deneme 1 başarısız, 30sn sonra tekrar...
      ⏳ Deneme 2 başarısız, 30sn sonra tekrar...
      ❌ 3 deneme de başarısız oldu
      📊 Toplam 0 oran
   [4/8] NK Dugopolje vs HNK Cibalia Vinkovci
      ✅ 19 detay oran çekildi
      📊 Toplam 19 oran
   [5/8] Al-Khaboora vs Saham
      ✅ 19 detay oran çekildi
      📊 Toplam 19 oran
   [6/8] Odisha FC vs Bengaluru FC
      ✅ 12 detay oran çekildi
      📊 Toplam 12 oran
   [7/8] FC Ural vs Shinnik Yar.
      ✅ 38 detay oran çekildi
      📊 Toplam 45 oran
   [8/8] Küçükçekmece Sinop SK vs Çorlu Spor 1947
      ✅ 3 detay oran çekildi
      📊 Toplam 3 oran

============================================================
📊 FİNAL SONUÇ
   ⚽ Toplam maç: 8
   📊 Toplam oran: 98
   📊 Ortalama: 12 oran/maç
   ✅ Detaylı: 3
   ⏱️ Süre: 0:06:55.110225
============================================================
   💾 Toplam 391 maç kaydedildi

🎉 İşlem tamamlandı!

📌 GitHub'a yükleyin:
   git add -A
   git commit -m "Oranlar guncellendi"
   git push
[main e2b70b5] Otomatik oran guncelleme Pzt 04.05.2026 16:06:59,12
 1 file changed, 117 insertions(+), 195 deletions(-)
To https://github.com/yusufkocbiotek-sketch/iddiayusuf.git
   5b3449f..e2b70b5  main -> main
TAMAMLANDI 
 
========================================== 
ORAN GUNCELLEME BASLADI 
Tarih Saat: Pzt 04.05.2026 16:10:01,64 
========================================== 
⚽ İddaa Oran Çekici - BUGÜNÜN TÜM MAÇLARI
📅 04/05/2026 16:10
============================================================
🌐 Chrome başlatılıyor...
✅ Chrome başlatıldı!
📡 https://www.iddaa.com/program/futbol?date=04.05.2026
   ⏳ Maçlar yükleniyor (max 30sn)...
   ✅ 8 maç bulundu

🔍 Maç isimleri toplanıyor...
   📋 8 maç bulundu:
      1. NK Dugopolje vs HNK Cibalia Vinkovci
      2. Al-Khaboora vs Saham
      3. Odisha FC vs Bengaluru FC
      4. FC Ural vs Shinnik Yar.
      5. Küçükçekmece Sinop SK vs Çorlu Spor 1947
      6. Skanstes SK vs Riga FC II
      7. Chelsea vs Nottingham Forest
      8. Hednesford vs Warrington Rylands 1906 FC

🔽 Maçlar tek tek açılıyor...

   [1/8] NK Dugopolje vs HNK Cibalia Vinkovci
      ✅ 19 detay oran çekildi
      📊 Toplam 19 oran
   [2/8] Al-Khaboora vs Saham
      ✅ 19 detay oran çekildi
      📊 Toplam 19 oran
   [3/8] Odisha FC vs Bengaluru FC
      ✅ 12 detay oran çekildi
      📊 Toplam 12 oran
   [4/8] FC Ural vs Shinnik Yar.
      ✅ 38 detay oran çekildi
      📊 Toplam 45 oran
   [5/8] Küçükçekmece Sinop SK vs Çorlu Spor 1947
      ✅ 3 detay oran çekildi
      📊 Toplam 3 oran
   [6/8] Skanstes SK vs Riga FC II
      ✅ 40 detay oran çekildi
      📊 Toplam 47 oran
   [7/8] Chelsea vs Nottingham Forest
      ✅ 996 detay oran çekildi
      📊 Toplam 1003 oran
   [8/8] Hednesford vs Warrington Rylands 1906 FC
      ✅ 19 detay oran çekildi
      📊 Toplam 19 oran

============================================================
📊 FİNAL SONUÇ
   ⚽ Toplam maç: 8
   📊 Toplam oran: 1167
   📊 Ortalama: 145 oran/maç
   ✅ Detaylı: 6
   ⏱️ Süre: 0:03:23.423637
============================================================
   💾 Toplam 394 maç kaydedildi

🎉 İşlem tamamlandı!

📌 GitHub'a yükleyin:
   git add -A
   git commit -m "Oranlar guncellendi"
   git push
[main 5c2df0b] Otomatik oran guncelleme Pzt 04.05.2026 16:13:27,47
 1 file changed, 1135 insertions(+), 12 deletions(-)
To https://github.com/yusufkocbiotek-sketch/iddiayusuf.git
   e2b70b5..5c2df0b  main -> main
TAMAMLANDI 
 
========================================== 
ORAN GUNCELLEME BASLADI 
Tarih Saat: Pzt 04.05.2026 16:20:01,63 
========================================== 
⚽ İddaa Oran Çekici - BUGÜNÜN TÜM MAÇLARI
📅 04/05/2026 16:20
============================================================
🌐 Chrome başlatılıyor...
✅ Chrome başlatıldı!
📡 https://www.iddaa.com/program/futbol?date=04.05.2026
   ⏳ Maçlar yükleniyor (max 30sn)...
   ✅ 8 maç bulundu

🔍 Maç isimleri toplanıyor...
   📋 8 maç bulundu:
      1. NK Dugopolje vs HNK Cibalia Vinkovci
      2. Al-Khaboora vs Saham
      3. Odisha FC vs Bengaluru FC
      4. FC Ural vs Shinnik Yar.
      5. Küçükçekmece Sinop SK vs Çorlu Spor 1947
      6. Skanstes SK vs Riga FC II
      7. Chelsea vs Nottingham Forest
      8. Hednesford vs Warrington Rylands 1906 FC

🔽 Maçlar tek tek açılıyor...

   [1/8] NK Dugopolje vs HNK Cibalia Vinkovci
      ✅ 19 detay oran çekildi
      📊 Toplam 19 oran
   [2/8] Al-Khaboora vs Saham
      ✅ 19 detay oran çekildi
      📊 Toplam 19 oran
   [3/8] Odisha FC vs Bengaluru FC
      ✅ 12 detay oran çekildi
      📊 Toplam 12 oran
   [4/8] FC Ural vs Shinnik Yar.
      ✅ 38 detay oran çekildi
      📊 Toplam 45 oran
   [5/8] Küçükçekmece Sinop SK vs Çorlu Spor 1947
      ✅ 3 detay oran çekildi
      📊 Toplam 3 oran
   [6/8] Skanstes SK vs Riga FC II
      ✅ 40 detay oran çekildi
      📊 Toplam 47 oran
   [7/8] Chelsea vs Nottingham Forest
      ✅ 998 detay oran çekildi
      📊 Toplam 1005 oran
   [8/8] Hednesford vs Warrington Rylands 1906 FC
      ✅ 19 detay oran çekildi
      📊 Toplam 19 oran

============================================================
📊 FİNAL SONUÇ
   ⚽ Toplam maç: 8
   📊 Toplam oran: 1169
   📊 Ortalama: 146 oran/maç
   ✅ Detaylı: 6
   ⏱️ Süre: 0:03:25.246693
============================================================
   💾 Toplam 394 maç kaydedildi

🎉 İşlem tamamlandı!

📌 GitHub'a yükleyin:
   git add -A
   git commit -m "Oranlar guncellendi"
   git push
[main 7fc2607] Otomatik oran guncelleme Pzt 04.05.2026 16:23:29,26
 1 file changed, 349 insertions(+), 347 deletions(-)
To https://github.com/yusufkocbiotek-sketch/iddiayusuf.git
   5c2df0b..7fc2607  main -> main
TAMAMLANDI 
 
========================================== 
ORAN GUNCELLEME BASLADI 
Tarih Saat: Pzt 04.05.2026 16:30:01,63 
========================================== 
⚽ İddaa Oran Çekici - BUGÜNÜN TÜM MAÇLARI
📅 04/05/2026 16:30
============================================================
🌐 Chrome başlatılıyor...
✅ Chrome başlatıldı!
📡 https://www.iddaa.com/program/futbol?date=04.05.2026
   ⏳ Maçlar yükleniyor (max 30sn)...
   ✅ 8 maç bulundu

🔍 Maç isimleri toplanıyor...
   📋 8 maç bulundu:
      1. NK Dugopolje vs HNK Cibalia Vinkovci
      2. Al-Khaboora vs Saham
      3. Odisha FC vs Bengaluru FC
      4. FC Ural vs Shinnik Yar.
      5. Küçükçekmece Sinop SK vs Çorlu Spor 1947
      6. Skanstes SK vs Riga FC II
      7. Chelsea vs Nottingham Forest
      8. Hednesford vs Warrington Rylands 1906 FC

🔽 Maçlar tek tek açılıyor...

   [1/8] NK Dugopolje vs HNK Cibalia Vinkovci
      ✅ 19 detay oran çekildi
      📊 Toplam 19 oran
   [2/8] Al-Khaboora vs Saham
      ✅ 19 detay oran çekildi
      📊 Toplam 19 oran
   [3/8] Odisha FC vs Bengaluru FC
      ✅ 12 detay oran çekildi
      📊 Toplam 12 oran
   [4/8] FC Ural vs Shinnik Yar.
      ✅ 38 detay oran çekildi
      📊 Toplam 45 oran
   [5/8] Küçükçekmece Sinop SK vs Çorlu Spor 1947
      ✅ 3 detay oran çekildi
      📊 Toplam 3 oran
   [6/8] Skanstes SK vs Riga FC II
      ✅ 40 detay oran çekildi
      📊 Toplam 47 oran
   [7/8] Chelsea vs Nottingham Forest
      ✅ 998 detay oran çekildi
      📊 Toplam 1005 oran
   [8/8] Hednesford vs Warrington Rylands 1906 FC
      ✅ 19 detay oran çekildi
      📊 Toplam 19 oran

============================================================
📊 FİNAL SONUÇ
   ⚽ Toplam maç: 8
   📊 Toplam oran: 1169
   📊 Ortalama: 146 oran/maç
   ✅ Detaylı: 6
   ⏱️ Süre: 0:03:23.177774
============================================================
   💾 Toplam 394 maç kaydedildi

🎉 İşlem tamamlandı!

📌 GitHub'a yükleyin:
   git add -A
   git commit -m "Oranlar guncellendi"
   git push
[main cc9fcd6] Otomatik oran guncelleme Pzt 04.05.2026 16:33:27,24
 1 file changed, 191 insertions(+), 191 deletions(-)
To https://github.com/yusufkocbiotek-sketch/iddiayusuf.git
   7fc2607..cc9fcd6  main -> main
TAMAMLANDI 
 
========================================== 
ORAN GUNCELLEME BASLADI 
Tarih Saat: Pzt 04.05.2026 16:40:01,63 
========================================== 
⚽ İddaa Oran Çekici - BUGÜNÜN TÜM MAÇLARI
📅 04/05/2026 16:40
============================================================
🌐 Chrome başlatılıyor...
✅ Chrome başlatıldı!
📡 https://www.iddaa.com/program/futbol?date=04.05.2026
   ⏳ Maçlar yükleniyor (max 30sn)...
   ✅ 8 maç bulundu

🔍 Maç isimleri toplanıyor...
   📋 8 maç bulundu:
      1. NK Dugopolje vs HNK Cibalia Vinkovci
      2. Al-Khaboora vs Saham
      3. Odisha FC vs Bengaluru FC
      4. FC Ural vs Shinnik Yar.
      5. Küçükçekmece Sinop SK vs Çorlu Spor 1947
      6. Skanstes SK vs Riga FC II
      7. Chelsea vs Nottingham Forest
      8. Hednesford vs Warrington Rylands 1906 FC

🔽 Maçlar tek tek açılıyor...

   [1/8] NK Dugopolje vs HNK Cibalia Vinkovci
      ✅ 19 detay oran çekildi
      📊 Toplam 19 oran
   [2/8] Al-Khaboora vs Saham
      ✅ 19 detay oran çekildi
      📊 Toplam 19 oran
   [3/8] Odisha FC vs Bengaluru FC
      ✅ 12 detay oran çekildi
      📊 Toplam 12 oran
   [4/8] FC Ural vs Shinnik Yar.
      ✅ 38 detay oran çekildi
      📊 Toplam 45 oran
   [5/8] Küçükçekmece Sinop SK vs Çorlu Spor 1947
      ✅ 3 detay oran çekildi
      📊 Toplam 3 oran
   [6/8] Skanstes SK vs Riga FC II
      ✅ 40 detay oran çekildi
      📊 Toplam 47 oran
   [7/8] Chelsea vs Nottingham Forest
      ✅ 998 detay oran çekildi
      📊 Toplam 1005 oran
   [8/8] Hednesford vs Warrington Rylands 1906 FC
      ✅ 19 detay oran çekildi
      📊 Toplam 19 oran

============================================================
📊 FİNAL SONUÇ
   ⚽ Toplam maç: 8
   📊 Toplam oran: 1169
   📊 Ortalama: 146 oran/maç
   ✅ Detaylı: 6
   ⏱️ Süre: 0:03:22.957967
============================================================
   💾 Toplam 394 maç kaydedildi

🎉 İşlem tamamlandı!

📌 GitHub'a yükleyin:
   git add -A
   git commit -m "Oranlar guncellendi"
   git push
[main 5bc30dc] Otomatik oran guncelleme Pzt 04.05.2026 16:43:26,99
 1 file changed, 253 insertions(+), 253 deletions(-)
To https://github.com/yusufkocbiotek-sketch/iddiayusuf.git
   cc9fcd6..5bc30dc  main -> main
TAMAMLANDI 
 
========================================== 
ORAN GUNCELLEME BASLADI 
Tarih Saat: Pzt 04.05.2026 16:50:01,63 
========================================== 
⚽ İddaa Oran Çekici - BUGÜNÜN TÜM MAÇLARI
📅 04/05/2026 16:50
============================================================
🌐 Chrome başlatılıyor...
✅ Chrome başlatıldı!
📡 https://www.iddaa.com/program/futbol?date=04.05.2026
   ⏳ Maçlar yükleniyor (max 30sn)...
   ✅ 8 maç bulundu

🔍 Maç isimleri toplanıyor...
   📋 8 maç bulundu:
      1. Al-Khaboora vs Saham
      2. Odisha FC vs Bengaluru FC
      3. FC Ural vs Shinnik Yar.
      4. Küçükçekmece Sinop SK vs Çorlu Spor 1947
      5. Skanstes SK vs Riga FC II
      6. Chelsea vs Nottingham Forest
      7. Hednesford vs Warrington Rylands 1906 FC
      8. Farnham Town vs Gloucester

🔽 Maçlar tek tek açılıyor...

   [1/8] Al-Khaboora vs Saham
      ✅ 19 detay oran çekildi
      📊 Toplam 19 oran
   [2/8] Odisha FC vs Bengaluru FC
      ✅ 12 detay oran çekildi
      📊 Toplam 12 oran
   [3/8] FC Ural vs Shinnik Yar.
      ✅ 38 detay oran çekildi
      📊 Toplam 45 oran
   [4/8] Küçükçekmece Sinop SK vs Çorlu Spor 1947
      ✅ 3 detay oran çekildi
      📊 Toplam 3 oran
   [5/8] Skanstes SK vs Riga FC II
      ✅ 40 detay oran çekildi
      📊 Toplam 47 oran
   [6/8] Chelsea vs Nottingham Forest
      ✅ 998 detay oran çekildi
      📊 Toplam 1005 oran
   [7/8] Hednesford vs Warrington Rylands 1906 FC
      ✅ 19 detay oran çekildi
      📊 Toplam 19 oran
   [8/8] Farnham Town vs Gloucester
      ✅ 19 detay oran çekildi
      📊 Toplam 19 oran

============================================================
📊 FİNAL SONUÇ
   ⚽ Toplam maç: 8
   📊 Toplam oran: 1169
   📊 Ortalama: 146 oran/maç
   ✅ Detaylı: 6
   ⏱️ Süre: 0:03:23.169126
============================================================
   💾 Toplam 395 maç kaydedildi

🎉 İşlem tamamlandı!

📌 GitHub'a yükleyin:
   git add -A
   git commit -m "Oranlar guncellendi"
   git push
[main c56aaec] Otomatik oran guncelleme Pzt 04.05.2026 16:53:27,18
 1 file changed, 323 insertions(+), 286 deletions(-)
To https://github.com/yusufkocbiotek-sketch/iddiayusuf.git
   5bc30dc..c56aaec  main -> main
TAMAMLANDI 
 
========================================== 
ORAN GUNCELLEME BASLADI 
Tarih Saat: Pzt 04.05.2026 17:00:01,63 
========================================== 
⚽ İddaa Oran Çekici - BUGÜNÜN TÜM MAÇLARI
📅 04/05/2026 17:00
============================================================
🌐 Chrome başlatılıyor...
✅ Chrome başlatıldı!
📡 https://www.iddaa.com/program/futbol?date=04.05.2026
   ⏳ Maçlar yükleniyor (max 30sn)...
   ✅ 8 maç bulundu

🔍 Maç isimleri toplanıyor...
   📋 8 maç bulundu:
      1. Al-Khaboora vs Saham
      2. Odisha FC vs Bengaluru FC
      3. FC Ural vs Shinnik Yar.
      4. Küçükçekmece Sinop SK vs Çorlu Spor 1947
      5. Skanstes SK vs Riga FC II
      6. Chelsea vs Nottingham Forest
      7. Hednesford vs Warrington Rylands 1906 FC
      8. Farnham Town vs Gloucester

🔽 Maçlar tek tek açılıyor...

   [1/8] Al-Khaboora vs Saham
      ✅ 32 detay oran çekildi
      📊 Toplam 32 oran
   [2/8] Odisha FC vs Bengaluru FC
      ⏳ Deneme 1 başarısız, 30sn sonra tekrar...
      ⏳ Deneme 2 başarısız, 30sn sonra tekrar...
      ❌ 3 deneme de başarısız oldu
      📊 Toplam 0 oran
   [3/8] FC Ural vs Shinnik Yar.
      ⏳ Deneme 1 başarısız, 30sn sonra tekrar...
      ⏳ Deneme 2 başarısız, 30sn sonra tekrar...
      ❌ 3 deneme de başarısız oldu
      📊 Toplam 0 oran
   [4/8] Küçükçekmece Sinop SK vs Çorlu Spor 1947
      ⏳ Deneme 1 başarısız, 30sn sonra tekrar...
      ⏳ Deneme 2 başarısız, 30sn sonra tekrar...
      ❌ 3 deneme de başarısız oldu
      📊 Toplam 0 oran
   [5/8] Skanstes SK vs Riga FC II
      ⏳ Deneme 1 başarısız, 30sn sonra tekrar...
      ⏳ Deneme 2 başarısız, 30sn sonra tekrar...
      ❌ 3 deneme de başarısız oldu
      📊 Toplam 0 oran
   [6/8] Chelsea vs Nottingham Forest
      ⏳ Deneme 1 başarısız, 30sn sonra tekrar...
      ⏳ Deneme 2 başarısız, 30sn sonra tekrar...
      ❌ 3 deneme de başarısız oldu
      📊 Toplam 0 oran
   [7/8] Hednesford vs Warrington Rylands 1906 FC
      ⏳ Deneme 1 başarısız, 30sn sonra tekrar...
      ⏳ Deneme 2 başarısız, 30sn sonra tekrar...
      ❌ 3 deneme de başarısız oldu
      📊 Toplam 0 oran
   [8/8] Farnham Town vs Gloucester
      ⏳ Deneme 1 başarısız, 30sn sonra tekrar...
      ⏳ Deneme 2 başarısız, 30sn sonra tekrar...
      ❌ 3 deneme de başarısız oldu
      📊 Toplam 0 oran

============================================================
📊 FİNAL SONUÇ
   ⚽ Toplam maç: 8
   📊 Toplam oran: 32
   📊 Ortalama: 4 oran/maç
   ✅ Detaylı: 1
   ⏱️ Süre: 0:11:14.581716
============================================================
   💾 Toplam 395 maç kaydedildi

🎉 İşlem tamamlandı!

📌 GitHub'a yükleyin:
   git add -A
   git commit -m "Oranlar guncellendi"
   git push
[main 5805bec] Otomatik oran guncelleme Pzt 04.05.2026 17:11:18,60
 1 file changed, 190 insertions(+), 1334 deletions(-)
To https://github.com/yusufkocbiotek-sketch/iddiayusuf.git
   c56aaec..5805bec  main -> main
TAMAMLANDI 
 
========================================== 
ORAN GUNCELLEME BASLADI 
Tarih Saat: Pzt 04.05.2026 17:20:01,63 
========================================== 
⚽ İddaa Oran Çekici - BUGÜNÜN TÜM MAÇLARI
📅 04/05/2026 17:20
============================================================
🌐 Chrome başlatılıyor...
✅ Chrome başlatıldı!
📡 https://www.iddaa.com/program/futbol?date=04.05.2026
   ⏳ Maçlar yükleniyor (max 30sn)...
   ✅ 9 maç bulundu

🔍 Maç isimleri toplanıyor...
   📋 9 maç bulundu:
      1. Unirea Slobozia vs Hermannstadt
      2. CA Bizertin vs AS Marsa
      3. ES Zarzis vs Etoile Sahel
      4. US Monastir vs ES Metlaoui
      5. Js Omrane vs Esperance Tunis
      6. Rukh Vinnyky vs Zory Luhansk
      7. Rad Surdulic vs FK Vojvodina
      8. AL Nasr FC vs Al Nahda
      9. Karabağ vs Turan Tovuz

🔽 Maçlar tek tek açılıyor...

   [1/9] Unirea Slobozia vs Hermannstadt
      ✅ 94 detay oran çekildi
      📊 Toplam 101 oran
   [2/9] CA Bizertin vs AS Marsa
      ✅ 91 detay oran çekildi
      📊 Toplam 98 oran
   [3/9] ES Zarzis vs Etoile Sahel
      ✅ 91 detay oran çekildi
      📊 Toplam 98 oran
   [4/9] US Monastir vs ES Metlaoui
      ✅ 88 detay oran çekildi
      📊 Toplam 95 oran
   [5/9] Js Omrane vs Esperance Tunis
      ✅ 91 detay oran çekildi
      📊 Toplam 98 oran
   [6/9] Rukh Vinnyky vs Zory Luhansk
      ✅ 39 detay oran çekildi
      📊 Toplam 46 oran
   [7/9] Rad Surdulic vs FK Vojvodina
      ✅ 39 detay oran çekildi
      📊 Toplam 46 oran
   [8/9] AL Nasr FC vs Al Nahda
      ✅ 19 detay oran çekildi
      📊 Toplam 19 oran
   [9/9] Karabağ vs Turan Tovuz
      ✅ 33 detay oran çekildi
      📊 Toplam 33 oran

============================================================
📊 FİNAL SONUÇ
   ⚽ Toplam maç: 9
   📊 Toplam oran: 634
   📊 Ortalama: 70 oran/maç
   ✅ Detaylı: 9
   ⏱️ Süre: 0:03:47.935558
============================================================
   💾 Toplam 404 maç kaydedildi

🎉 İşlem tamamlandı!

📌 GitHub'a yükleyin:
   git add -A
   git commit -m "Oranlar guncellendi"
   git push
[main 8d7ed13] Otomatik oran guncelleme Pzt 04.05.2026 17:23:51,95
 1 file changed, 803 insertions(+), 7 deletions(-)
To https://github.com/yusufkocbiotek-sketch/iddiayusuf.git
   5805bec..8d7ed13  main -> main
TAMAMLANDI 
 
========================================== 
ORAN GUNCELLEME BASLADI 
Tarih Saat: Pzt 04.05.2026 17:30:01,64 
========================================== 
^C 
========================================== 
ORAN GUNCELLEME BASLADI 
Tarih Saat: Pzt 04.05.2026 17:40:01,63 
========================================== 
  File "C:\Users\YUSUF\OneDrive\Desktop\iddiayusuf-main\scraper_full.py", line 205
    if nokta_var_mi(lines[oran_start]):
SyntaxError: expected 'except' or 'finally' block
[main 315a802] Otomatik oran guncelleme Pzt 04.05.2026 17:40:01,70
 2 files changed, 143 insertions(+), 107 deletions(-)
To https://github.com/yusufkocbiotek-sketch/iddiayusuf.git
   8d7ed13..315a802  main -> main
TAMAMLANDI 
 
========================================== 
ORAN GUNCELLEME BASLADI 
Tarih Saat: Pzt 04.05.2026 17:50:01,63 
========================================== 
⚽ İddaa Oran Çekici - BUGÜNÜN TÜM MAÇLARI
📅 04/05/2026 17:50
============================================================
🌐 Chrome başlatılıyor...
✅ Chrome başlatıldı!
📡 https://www.iddaa.com/program/futbol?date=04.05.2026
   ⏳ Maçlar yükleniyor (max 30sn)...
   ✅ 9 maç bulundu

🔍 Maç isimleri toplanıyor...
   📋 9 maç bulundu:
      1. CA Bizertin vs AS Marsa
      2. ES Zarzis vs Etoile Sahel
      3. US Monastir vs ES Metlaoui
      4. Js Omrane vs Esperance Tunis
      5. Rukh Vinnyky vs Zory Luhansk
      6. Rad Surdulic vs FK Vojvodina
      7. AL Nasr FC vs Al Nahda
      8. Karabağ vs Turan Tovuz
      9. Polonia Bytom vs Polonia Warszawa

🔽 Maçlar tek tek açılıyor...

   [1/9] CA Bizertin vs AS Marsa
      ⏳ Deneme 1 başarısız, 30sn sonra tekrar...
      ✅ 91 detay oran çekildi
      📊 Toplam 98 oran
   [2/9] ES Zarzis vs Etoile Sahel
      ⏳ Deneme 1 başarısız, 30sn sonra tekrar...
      ✅ 91 detay oran çekildi
      📊 Toplam 98 oran
   [3/9] US Monastir vs ES Metlaoui
      ⏳ Deneme 1 başarısız, 30sn sonra tekrar...
      ⏳ Deneme 2 başarısız, 30sn sonra tekrar...
      ❌ 3 deneme de başarısız oldu
      📊 Toplam 0 oran
   [4/9] Js Omrane vs Esperance Tunis
      ⏳ Deneme 1 başarısız, 30sn sonra tekrar...
      ⏳ Deneme 2 başarısız, 30sn sonra tekrar...
      ❌ 3 deneme de başarısız oldu
      📊 Toplam 0 oran
   [5/9] Rukh Vinnyky vs Zory Luhansk
      ⏳ Deneme 1 başarısız, 30sn sonra tekrar...
      ⏳ Deneme 2 başarısız, 30sn sonra tekrar...
      ❌ 3 deneme de başarısız oldu
      📊 Toplam 0 oran
   [6/9] Rad Surdulic vs FK Vojvodina
      ⏳ Deneme 1 başarısız, 30sn sonra tekrar...
      ⏳ Deneme 2 başarısız, 30sn sonra tekrar...
      ❌ 3 deneme de başarısız oldu
      📊 Toplam 0 oran
   [7/9] AL Nasr FC vs Al Nahda
      ⏳ Deneme 1 başarısız, 30sn sonra tekrar...
      ⏳ Deneme 2 başarısız, 30sn sonra tekrar...
      ❌ 3 deneme de başarısız oldu
      📊 Toplam 0 oran
   [8/9] Karabağ vs Turan Tovuz
      ⏳ Deneme 1 başarısız, 30sn sonra tekrar...
      ⏳ Deneme 2 başarısız, 30sn sonra tekrar...
      ❌ 3 deneme de başarısız oldu
      📊 Toplam 0 oran
   [9/9] Polonia Bytom vs Polonia Warszawa
      ⏳ Deneme 1 başarısız, 30sn sonra tekrar...
      ⏳ Deneme 2 başarısız, 30sn sonra tekrar...
      ❌ 3 deneme de başarısız oldu
      📊 Toplam 0 oran

============================================================
📊 FİNAL SONUÇ
   ⚽ Toplam maç: 9
   📊 Toplam oran: 196
   📊 Ortalama: 21 oran/maç
   ✅ Detaylı: 2
   ⏱️ Süre: 0:13:22.959639
============================================================
   💾 Toplam 405 maç kaydedildi

🎉 İşlem tamamlandı!

📌 GitHub'a yükleyin:
   git add -A
   git commit -m "Oranlar guncellendi"
   git push
[main 792f74f] Otomatik oran guncelleme Pzt 04.05.2026 18:03:27,06
 3 files changed, 296 insertions(+), 636 deletions(-)
To https://github.com/yusufkocbiotek-sketch/iddiayusuf.git
   315a802..792f74f  main -> main
TAMAMLANDI 
 
========================================== 
ORAN GUNCELLEME BASLADI 
Tarih Saat: Pzt 04.05.2026 18:10:01,65 
========================================== 
^C 
========================================== 
ORAN GUNCELLEME BASLADI 
Tarih Saat: Pzt 04.05.2026 23:23:09,32 
========================================== 
⚽ İddaa Oran Çekici - BUGÜNÜN TÜM MAÇLARI
📅 04/05/2026 23:23
============================================================
🌐 Chrome başlatılıyor...
✅ Chrome başlatıldı!
📡 https://www.iddaa.com/program/futbol?date=04.05.2026
   ⏳ Maçlar yükleniyor (max 30sn)...
   ⚠️ Maç bulunamadı (timeout)
   ❌ Maç bulunamadı!

============================================================
📊 FİNAL SONUÇ
   ⚽ Toplam maç: 0
   ⏱️ Süre: 0:00:33.869967
============================================================
On branch main
Your branch is up to date with 'origin/main'.

nothing to commit, working tree clean
Everything up-to-date
TAMAMLANDI 
